timestamp,stress,body_battery,respiration_rate,heart_rate,activity_type,intensity,cycles,active_time,active_calories
2026-06-03 00:00:00,,,,72.0,,,,,
2026-06-03 00:01:00,12,32.0,13.58,71.0,,,,,
2026-06-03 00:02:00,20,32.0,15.36,74.0,,,,,
2026-06-03 00:03:00,,,14.91,73.0,,,,,
2026-06-03 00:04:00,22,32.0,16.58,80.0,,,,,
2026-06-03 00:05:00,39,32.0,,76.0,,,,,
2026-06-03 00:06:00,,,15.25,69.0,,,,,
2026-06-03 00:07:00,16,32.0,13.75,71.0,,,,,
2026-06-03 00:08:00,18,32.0,15.08,72.0,,,,,
2026-06-03 00:09:00,19,32.0,14.75,,walking,2.0,4645.0,5309.0,338.0
2026-06-03 00:10:00,15,32.0,15.16,84.0,,,,,
2026-06-03 00:11:00,15,33.0,13.5,71.0,,,,,
2026-06-03 00:12:00,19,33.0,12.91,78.0,,,,,
2026-06-03 00:13:00,14,33.0,13.66,,walking,2.0,4713.5,5376.0,340.0
2026-06-03 00:14:00,13,33.0,12.83,74.0,,,,,
2026-06-03 00:15:00,13,33.0,13.41,68.0,,,,,
2026-06-03 00:16:00,17,33.0,15.0,61.0,,,,,
2026-06-03 00:17:00,17,33.0,13.33,59.0,,,,,
2026-06-03 00:18:00,16,33.0,14.91,77.0,,,,,
2026-06-03 00:19:00,13,34.0,13.16,82.0,,,,,
2026-06-03 00:20:00,17,34.0,14.75,,walking,2.0,4836.0,5508.0,347.0
2026-06-03 00:21:00,23,34.0,13.33,85.0,,,,,
2026-06-03 00:22:00,7,34.0,13.16,69.0,,,,,
2026-06-03 00:23:00,8,34.0,13.5,64.0,,,,,
2026-06-03 00:24:00,10,34.0,15.08,,,,,,
2026-06-03 00:25:00,8,35.0,14.16,63.0,,,,,
2026-06-03 00:26:00,8,35.0,15.0,73.0,,,,,
2026-06-03 00:27:00,10,35.0,13.91,61.0,,,,,
2026-06-03 00:28:00,12,35.0,13.0,58.0,,,,,
2026-06-03 00:29:00,15,35.0,15.25,64.0,,,,,
2026-06-03 00:30:00,,,12.75,74.0,,,,,
2026-06-03 00:31:00,10,36.0,15.41,64.0,,,,,
2026-06-03 00:32:00,10,36.0,15.08,69.0,,,,,
2026-06-03 00:33:00,9,36.0,14.58,64.0,,,,,
2026-06-03 00:34:00,8,36.0,15.63,60.0,,,,,
2026-06-03 00:35:00,10,36.0,14.83,62.0,,,,,
2026-06-03 00:36:00,11,37.0,14.41,60.0,,,,,
2026-06-03 00:37:00,10,37.0,15.5,60.0,,,,,
2026-06-03 00:38:00,9,37.0,15.33,61.0,,,,,
2026-06-03 00:39:00,11,37.0,15.91,61.0,,,,,
2026-06-03 00:40:00,11,37.0,16.0,60.0,,,,,
2026-06-03 00:41:00,10,38.0,16.0,70.0,,,,,
2026-06-03 00:42:00,11,38.0,16.0,58.0,,,,,
2026-06-03 00:43:00,10,38.0,15.25,59.0,,,,,
2026-06-03 00:44:00,13,38.0,15.91,74.0,,,,,
2026-06-03 00:45:00,21,38.0,13.45,61.0,,,,,
2026-06-03 00:46:00,21,38.0,15.91,59.0,,,,,
2026-06-03 00:47:00,17,38.0,13.75,81.0,,,,,
2026-06-03 00:48:00,14,38.0,15.58,66.0,,,,,
2026-06-03 00:49:00,,,16.58,57.0,,,,,
2026-06-03 00:50:00,20,39.0,16.91,55.0,,,,,
2026-06-03 00:51:00,20,39.0,17.16,57.0,,,,,
2026-06-03 00:52:00,20,39.0,17.41,55.0,,,,,
2026-06-03 00:53:00,23,39.0,17.77,58.0,walking,2.0,5286.5,5944.0,367.0
2026-06-03 00:54:00,,,15.08,89.0,,,,,
2026-06-03 00:55:00,22,39.0,16.83,57.0,,,,,
2026-06-03 00:56:00,8,39.0,15.83,59.0,,,,,
2026-06-03 00:57:00,19,39.0,15.08,57.0,,,,,
2026-06-03 00:58:00,14,39.0,13.83,61.0,,,,,
2026-06-03 00:59:00,10,40.0,11.41,56.0,,,,,
2026-06-03 01:00:00,9,41.0,13.75,,,,,,
2026-06-03 01:01:00,13,41.0,14.5,67.0,,,,,
2026-06-03 01:02:00,14,41.0,17.25,62.0,,,,,
2026-06-03 01:03:00,13,41.0,16.16,57.0,,,,,
2026-06-03 01:04:00,28,41.0,16.2,56.0,,,,,
2026-06-03 01:05:00,18,41.0,15.66,67.0,,,,,
2026-06-03 01:06:00,25,41.0,15.0,57.0,,,,,
2026-06-03 01:07:00,,41.0,13.83,56.0,,,,,
2026-06-03 01:08:00,,41.0,12.5,57.0,,,,,
2026-06-03 01:09:00,,41.0,12.33,56.0,,,,,
2026-06-03 01:10:00,,41.0,13.91,57.0,,,,,
2026-06-03 01:11:00,21,41.0,16.0,58.0,,,,,
2026-06-03 01:12:00,21,41.0,16.83,64.0,walking,2.0,5351.0,6012.0,370.0
2026-06-03 01:13:00,21,41.0,17.75,68.0,,,,,
2026-06-03 01:14:00,,,17.33,61.0,,,,,
2026-06-03 01:15:00,,41.0,17.16,59.0,,,,,
2026-06-03 01:16:00,,41.0,16.58,58.0,,,,,
2026-06-03 01:17:00,,41.0,17.0,64.0,,,,,
2026-06-03 01:18:00,,41.0,16.66,59.0,,,,,
2026-06-03 01:19:00,,41.0,16.91,66.0,,,,,
2026-06-03 01:20:00,,41.0,17.5,64.0,,,,,
2026-06-03 01:21:00,,42.0,17.33,67.0,,,,,
2026-06-03 01:22:00,,42.0,17.41,65.0,,,,,
2026-06-03 01:23:00,,42.0,17.16,55.0,,,,,
2026-06-03 01:24:00,21,42.0,16.83,61.0,,,,,
2026-06-03 01:25:00,,42.0,17.16,60.0,,,,,
2026-06-03 01:26:00,,42.0,16.41,53.0,,,,,
2026-06-03 01:27:00,,42.0,17.5,54.0,,,,,
2026-06-03 01:28:00,19,42.0,17.75,55.0,,,,,
2026-06-03 01:29:00,,42.0,18.25,62.0,,,,,
2026-06-03 01:30:00,,42.0,17.25,55.0,,,,,
2026-06-03 01:31:00,,42.0,17.91,67.0,,,,,
2026-06-03 01:32:00,,42.0,18.83,61.0,,,,,
2026-06-03 01:33:00,17,42.0,17.08,65.0,,,,,
2026-06-03 01:34:00,,,16.25,60.0,,,,,
2026-06-03 01:35:00,17,42.0,14.83,59.0,,,,,
2026-06-03 01:36:00,,,14.5,61.0,,,,,
2026-06-03 01:37:00,,42.0,17.16,60.0,,,,,
2026-06-03 01:38:00,,42.0,17.91,59.0,,,,,
2026-06-03 01:39:00,,42.0,15.91,58.0,,,,,
2026-06-03 01:40:00,28,42.0,17.0,,walking,2.0,5396.0,6055.0,372.0
2026-06-03 01:41:00,11,42.0,15.75,61.0,,,,,
2026-06-03 01:42:00,17,42.0,15.66,63.0,,,,,
2026-06-03 01:43:00,17,42.0,15.08,68.0,,,,,
2026-06-03 01:44:00,17,42.0,13.83,60.0,,,,,
2026-06-03 01:45:00,10,42.0,16.41,62.0,,,,,
2026-06-03 01:46:00,9,42.0,16.5,63.0,,,,,
2026-06-03 01:47:00,9,43.0,16.83,62.0,,,,,
2026-06-03 01:48:00,9,43.0,17.0,59.0,,,,,
2026-06-03 01:49:00,14,43.0,17.0,60.0,,,,,
2026-06-03 01:50:00,11,44.0,17.0,59.0,,,,,
2026-06-03 01:51:00,12,44.0,17.5,58.0,,,,,
2026-06-03 01:52:00,12,44.0,17.25,59.0,,,,,
2026-06-03 01:53:00,14,44.0,17.91,60.0,,,,,
2026-06-03 01:54:00,11,44.0,17.0,59.0,,,,,
2026-06-03 01:55:00,,,17.0,58.0,,,,,
2026-06-03 01:56:00,14,44.0,16.16,60.0,walking,2.0,5477.5,6131.0,374.0
2026-06-03 01:57:00,11,44.0,17.91,61.0,,,,,
2026-06-03 01:58:00,9,44.0,17.58,62.0,,,,,
2026-06-03 01:59:00,13,44.0,15.9,63.0,walking,2.0,5547.0,6197.0,377.0
2026-06-03 02:00:00,,,14.16,60.0,,,,,
2026-06-03 02:01:00,17,44.0,14.3,56.0,walking,2.0,5567.5,6217.0,378.0
2026-06-03 02:02:00,8,45.0,14.16,57.0,,,,,
2026-06-03 02:03:00,16,45.0,13.5,61.0,,,,,
2026-06-03 02:04:00,8,45.0,14.33,69.0,,,,,
2026-06-03 02:05:00,9,45.0,14.16,58.0,,,,,
2026-06-03 02:06:00,8,45.0,14.66,85.0,,,,,
2026-06-03 02:07:00,8,45.0,15.08,69.0,walking,2.0,5650.0,6292.0,382.0
2026-06-03 02:08:00,8,45.0,15.25,59.0,,,,,
2026-06-03 02:09:00,10,45.0,15.83,58.0,,,,,
2026-06-03 02:10:00,,,15.0,61.0,,,,,
2026-06-03 02:11:00,10,45.0,15.33,60.0,,,,,
2026-06-03 02:12:00,10,45.0,15.25,57.0,,,,,
2026-06-03 02:13:00,10,46.0,15.5,56.0,,,,,
2026-06-03 02:14:00,11,46.0,14.91,66.0,,,,,
2026-06-03 02:15:00,12,46.0,16.0,62.0,,,,,
2026-06-03 02:16:00,13,46.0,16.16,57.0,,,,,
2026-06-03 02:17:00,10,46.0,15.66,66.0,,,,,
2026-06-03 02:18:00,10,46.0,15.58,,,,,,
2026-06-03 02:19:00,13,46.0,16.0,56.0,,,,,
2026-06-03 02:20:00,9,46.0,16.0,57.0,,,,,
2026-06-03 02:21:00,13,46.0,16.0,56.0,,,,,
2026-06-03 02:22:00,14,46.0,15.58,57.0,,,,,
2026-06-03 02:23:00,12,46.0,15.5,58.0,,,,,
2026-06-03 02:24:00,12,46.0,15.66,56.0,,,,,
2026-06-03 02:25:00,10,46.0,15.66,87.0,,,,,
2026-06-03 02:26:00,12,46.0,15.5,61.0,,,,,
2026-06-03 02:27:00,18,46.0,15.27,62.0,,,,,
2026-06-03 02:28:00,21,46.0,15.91,64.0,,,,,
2026-06-03 02:29:00,24,46.0,13.81,57.0,,,,,
2026-06-03 02:30:00,15,47.0,14.25,61.0,,,,,
2026-06-03 02:31:00,9,48.0,16.41,57.0,,,,,
2026-06-03 02:32:00,16,48.0,15.5,56.0,,,,,
2026-06-03 02:33:00,17,48.0,16.91,84.0,,,,,
2026-06-03 02:34:00,12,48.0,16.75,57.0,,,,,
2026-06-03 02:35:00,16,48.0,15.5,55.0,,,,,
2026-06-03 02:36:00,25,48.0,16.58,56.0,,,,,
2026-06-03 02:37:00,20,48.0,17.5,57.0,,,,,
2026-06-03 02:38:00,18,48.0,19.0,56.0,,,,,
2026-06-03 02:39:00,17,49.0,19.33,,walking,2.0,6018.0,6654.0,395.0
2026-06-03 02:40:00,15,49.0,16.83,57.0,,,,,
2026-06-03 02:41:00,16,49.0,16.9,56.0,,,,,
2026-06-03 02:42:00,,50.0,15.9,96.0,,,,,
2026-06-03 02:43:00,10,50.0,14.41,57.0,,,,,
2026-06-03 02:44:00,13,50.0,13.08,56.0,,,,,
2026-06-03 02:45:00,12,51.0,14.5,75.0,,,,,
2026-06-03 02:46:00,9,51.0,13.75,57.0,,,,,
2026-06-03 02:47:00,11,51.0,13.83,56.0,,,,,
2026-06-03 02:48:00,22,51.0,16.58,57.0,,,,,
2026-06-03 02:49:00,12,51.0,16.33,56.0,,,,,
2026-06-03 02:50:00,,,14.66,58.0,,,,,
2026-06-03 02:51:00,3,52.0,16.75,57.0,running,2.0,172.0,202.0,13.0
2026-06-03 02:52:00,19,53.0,17.09,56.0,walking,3.0,6205.5,6836.0,407.0
2026-06-03 02:53:00,13,53.0,15.58,74.0,,,,,
2026-06-03 02:54:00,10,53.0,15.18,59.0,walking,5.0,6218.0,6843.0,407.0
2026-06-03 02:55:00,19,53.0,14.08,78.0,,,,,
2026-06-03 02:56:00,12,54.0,14.66,66.0,,,,,
2026-06-03 02:57:00,9,54.0,14.83,64.0,,,,,
2026-06-03 02:58:00,11,55.0,15.75,56.0,,,,,
2026-06-03 02:59:00,14,55.0,16.08,58.0,,,,,
2026-06-03 03:00:00,10,55.0,15.5,69.0,,,,,
2026-06-03 03:01:00,10,55.0,15.58,56.0,,,,,
2026-06-03 03:02:00,10,55.0,15.41,58.0,,,,,
2026-06-03 03:03:00,11,55.0,15.16,67.0,,,,,
2026-06-03 03:04:00,11,55.0,16.5,64.0,,,,,
2026-06-03 03:05:00,9,56.0,16.08,65.0,,,,,
2026-06-03 03:06:00,9,57.0,14.75,64.0,,,,,
2026-06-03 03:07:00,11,57.0,15.41,58.0,,,,,
2026-06-03 03:08:00,12,57.0,14.08,82.0,,,,,
2026-06-03 03:09:00,12,57.0,12.33,83.0,walking,2.0,9.0,4.0,0.0
2026-06-03 03:10:00,10,57.0,15.41,57.0,,,,,
2026-06-03 03:11:00,11,58.0,16.33,83.0,,,,,
2026-06-03 03:12:00,12,59.0,16.08,84.0,,,,,
2026-06-03 03:13:00,12,59.0,16.08,53.0,,,,,
2026-06-03 03:14:00,13,59.0,16.75,59.0,,,,,
2026-06-03 03:15:00,10,59.0,16.0,62.0,,,,,
2026-06-03 03:16:00,11,59.0,16.16,69.0,,,,,
2026-06-03 03:17:00,12,59.0,16.0,52.0,,,,,
2026-06-03 03:18:00,8,59.0,15.83,53.0,,,,,
2026-06-03 03:19:00,9,60.0,15.16,58.0,,,,,
2026-06-03 03:20:00,13,60.0,14.75,61.0,,,,,
2026-06-03 03:21:00,2,60.0,13.08,55.0,,,,,
2026-06-03 03:22:00,3,60.0,14.41,64.0,,,,,
2026-06-03 03:23:00,4,60.0,14.83,56.0,walking,1.0,6415.0,6982.0,411.0
2026-06-03 03:24:00,6,61.0,15.75,80.0,,,,,
2026-06-03 03:25:00,7,61.0,18.33,86.0,,,,,
2026-06-03 03:26:00,5,61.0,15.41,57.0,,,,,
2026-06-03 03:27:00,,,15.41,55.0,,,,,
2026-06-03 03:28:00,8,62.0,14.66,99.0,,,,,
2026-06-03 03:29:00,8,63.0,14.91,56.0,walking,1.0,6481.5,7098.0,417.0
2026-06-03 03:30:00,6,63.0,15.0,103.0,,,,,
2026-06-03 03:31:00,6,63.0,15.5,57.0,,,,,
2026-06-03 03:32:00,7,63.0,15.08,56.0,,,,,
2026-06-03 03:33:00,7,63.0,14.91,57.0,,,,,
2026-06-03 03:34:00,9,64.0,13.91,56.0,walking,1.0,6577.5,7333.0,430.0
2026-06-03 03:35:00,10,64.0,14.5,58.0,,,,,
2026-06-03 03:36:00,6,64.0,15.66,56.0,walking,2.0,6584.0,7336.0,430.0
2026-06-03 03:37:00,7,64.0,16.0,76.0,,,,,
2026-06-03 03:38:00,8,64.0,15.58,86.0,,,,,
2026-06-03 03:39:00,8,64.0,16.25,57.0,running,4.0,185.5,211.0,13.0
2026-06-03 03:40:00,10,65.0,15.83,56.0,,,,,
2026-06-03 03:41:00,11,65.0,15.91,,walking,3.0,6590.5,7340.0,431.0
2026-06-03 03:42:00,7,65.0,16.33,83.0,,,,,
2026-06-03 03:43:00,5,65.0,16.0,57.0,,,,,
2026-06-03 03:44:00,9,65.0,16.08,56.0,walking,2.0,6609.5,7352.0,431.0
2026-06-03 03:45:00,23,66.0,16.45,57.0,,,,,
2026-06-03 03:46:00,7,66.0,15.91,56.0,,,,,
2026-06-03 03:47:00,,,13.41,59.0,walking,0.0,6614.0,7356.0,431.0
2026-06-03 03:48:00,5,67.0,14.75,57.0,,,,,
2026-06-03 03:49:00,21,67.0,14.16,52.0,walking,3.0,6644.0,7383.0,432.0
2026-06-03 03:50:00,7,67.0,14.66,53.0,,,,,
2026-06-03 03:51:00,6,67.0,15.16,54.0,,,,,
2026-06-03 03:52:00,4,67.0,14.08,56.0,,,,,
2026-06-03 03:53:00,6,67.0,15.66,54.0,,,,,
2026-06-03 03:54:00,5,68.0,14.83,79.0,,,,,
2026-06-03 03:55:00,6,68.0,14.25,90.0,,,,,
2026-06-03 03:56:00,8,68.0,14.5,59.0,,,,,
2026-06-03 03:57:00,6,68.0,14.33,54.0,,,,,
2026-06-03 03:58:00,14,68.0,14.41,102.0,,,,,
2026-06-03 03:59:00,29,68.0,16.7,55.0,walking,1.0,6755.5,7605.0,446.0
2026-06-03 04:00:00,16,68.0,15.33,54.0,,,,,
2026-06-03 04:01:00,11,68.0,14.16,55.0,,,,,
2026-06-03 04:02:00,7,69.0,11.25,98.0,,,,,
2026-06-03 04:03:00,2,69.0,14.91,95.0,,,,,
2026-06-03 04:04:00,2,69.0,16.16,54.0,generic,6.0,0.0,960.0,64.0
2026-06-03 04:05:00,7,69.0,13.08,55.0,walking,2.0,6808.5,7734.0,454.0
2026-06-03 04:06:00,7,69.0,13.58,88.0,,,,,
2026-06-03 04:07:00,,,16.41,78.0,,,,,
2026-06-03 04:08:00,10,70.0,14.0,68.0,,,,,
2026-06-03 04:09:00,11,70.0,11.16,73.0,,,,,
2026-06-03 04:10:00,6,70.0,12.5,,,,,,
2026-06-03 04:11:00,9,70.0,13.33,82.0,,,,,
2026-06-03 04:12:00,11,70.0,16.9,70.0,,,,,
2026-06-03 04:13:00,38,70.0,12.81,55.0,,,,,
2026-06-03 04:14:00,31,70.0,15.33,57.0,walking,3.0,6932.5,7826.0,456.0
2026-06-03 04:15:00,16,70.0,11.16,53.0,,,,,
2026-06-03 04:16:00,14,70.0,10.45,64.0,,,,,
2026-06-03 04:17:00,11,70.0,15.91,56.0,,,,,
2026-06-03 04:18:00,9,70.0,14.75,55.0,,,,,
2026-06-03 04:19:00,7,71.0,14.58,53.0,,,,,
2026-06-03 04:20:00,5,71.0,15.33,55.0,,,,,
2026-06-03 04:21:00,7,71.0,14.18,53.0,,,,,
2026-06-03 04:22:00,19,71.0,,54.0,,,,,
2026-06-03 04:23:00,,71.0,13.75,55.0,,,,,
2026-06-03 04:24:00,8,71.0,14.16,90.0,,,,,
2026-06-03 04:25:00,11,71.0,15.41,91.0,,,,,
2026-06-03 04:26:00,9,71.0,14.75,64.0,,,,,
2026-06-03 04:27:00,,,15.5,58.0,walking,4.0,7021.0,7912.0,461.0
2026-06-03 04:28:00,12,72.0,14.16,53.0,,,,,
2026-06-03 04:29:00,6,72.0,13.58,54.0,,,,,
2026-06-03 04:30:00,9,72.0,14.63,52.0,,,,,
2026-06-03 04:31:00,20,72.0,14.16,49.0,,,,,
2026-06-03 04:32:00,4,72.0,14.5,52.0,,,,,
2026-06-03 04:33:00,14,72.0,16.08,55.0,,,,,
2026-06-03 04:34:00,4,72.0,16.66,60.0,,,,,
2026-06-03 04:35:00,4,72.0,14.08,53.0,,,,,
2026-06-03 04:36:00,6,73.0,12.16,84.0,,,,,
2026-06-03 04:37:00,5,73.0,16.41,89.0,,,,,
2026-06-03 04:38:00,5,73.0,14.83,54.0,,,,,
2026-06-03 04:39:00,4,73.0,15.58,,walking,2.0,7247.0,8130.0,470.0
2026-06-03 04:40:00,10,73.0,15.54,69.0,,,,,
2026-06-03 04:41:00,8,73.0,17.25,70.0,,,,,
2026-06-03 04:42:00,7,74.0,15.0,60.0,,,,,
2026-06-03 04:43:00,2,74.0,14.08,57.0,running,7.0,285.0,261.0,14.0
2026-06-03 04:44:00,3,74.0,16.0,55.0,walking,4.0,7261.5,8136.0,470.0
2026-06-03 04:45:00,6,74.0,14.0,54.0,,,,,
2026-06-03 04:46:00,8,74.0,14.41,56.0,walking,7.0,7351.5,8177.0,471.0
2026-06-03 04:47:00,7,74.0,15.54,54.0,,,,,
2026-06-03 04:48:00,3,75.0,14.16,50.0,,,,,
2026-06-03 04:49:00,,,12.16,61.0,,,,,
2026-06-03 04:50:00,15,75.0,,,walking,3.0,13.5,6.0,0.0
2026-06-03 04:51:00,15,75.0,11.83,54.0,,,,,
2026-06-03 04:52:00,10,75.0,15.91,56.0,,,,,
2026-06-03 04:53:00,13,75.0,15.58,87.0,,,,,
2026-06-03 04:54:00,10,75.0,15.83,55.0,,,,,
2026-06-03 04:55:00,,,16.58,56.0,,,,,
2026-06-03 04:56:00,13,75.0,16.0,54.0,,,,,
2026-06-03 04:57:00,,,15.16,55.0,,,,,
2026-06-03 04:58:00,14,76.0,14.66,69.0,,,,,
2026-06-03 04:59:00,14,76.0,16.41,52.0,,,,,
2026-06-03 05:00:00,15,76.0,16.91,57.0,,,,,
2026-06-03 05:01:00,11,76.0,14.83,58.0,,,,,
2026-06-03 05:02:00,12,76.0,15.91,53.0,,,,,
2026-06-03 05:03:00,16,76.0,18.16,54.0,,,,,
2026-06-03 05:04:00,14,76.0,18.75,52.0,walking,7.0,7679.5,8345.0,475.0
2026-06-03 05:05:00,11,76.0,16.83,91.0,,,,,
2026-06-03 05:06:00,13,76.0,16.5,53.0,,,,,
2026-06-03 05:07:00,12,76.0,15.66,54.0,,,,,
2026-06-03 05:08:00,12,76.0,15.83,62.0,,,,,
2026-06-03 05:09:00,13,76.0,17.25,54.0,,,,,
2026-06-03 05:10:00,14,76.0,16.25,52.0,,,,,
2026-06-03 05:11:00,15,76.0,17.33,51.0,,,,,
2026-06-03 05:12:00,15,76.0,17.33,52.0,walking,7.0,7872.0,8433.0,477.0
2026-06-03 05:13:00,11,76.0,16.16,53.0,,,,,
2026-06-03 05:14:00,13,76.0,17.75,67.0,,,,,
2026-06-03 05:15:00,,,20.91,50.0,,,,,
2026-06-03 05:16:00,13,76.0,17.91,55.0,,,,,
2026-06-03 05:17:00,13,76.0,17.33,57.0,,,,,
2026-06-03 05:18:00,12,76.0,17.08,66.0,walking,5.0,7996.5,8507.0,479.0
2026-06-03 05:19:00,16,76.0,16.83,55.0,,,,,
2026-06-03 05:20:00,14,76.0,18.25,58.0,,,,,
2026-06-03 05:21:00,13,76.0,19.08,55.0,,,,,
2026-06-03 05:22:00,13,76.0,16.08,57.0,,,,,
2026-06-03 05:23:00,14,76.0,17.83,58.0,,,,,
2026-06-03 05:24:00,14,76.0,17.08,56.0,,,,,
2026-06-03 05:25:00,13,76.0,15.0,57.0,,,,,
2026-06-03 05:26:00,12,76.0,17.66,56.0,,,,,
2026-06-03 05:27:00,15,77.0,16.25,58.0,,,,,
2026-06-03 05:28:00,14,77.0,18.0,56.0,,,,,
2026-06-03 05:29:00,18,77.0,16.58,95.0,,,,,
2026-06-03 05:30:00,14,77.0,17.0,57.0,,,,,
2026-06-03 05:31:00,17,77.0,17.33,56.0,,,,,
2026-06-03 05:32:00,13,77.0,18.08,55.0,,,,,
2026-06-03 05:33:00,14,77.0,16.83,56.0,,,,,
2026-06-03 05:34:00,14,77.0,16.33,57.0,,,,,
2026-06-03 05:35:00,,,17.41,55.0,walking,3.0,8590.5,8844.0,490.0
2026-06-03 05:36:00,14,78.0,16.75,56.0,,,,,
2026-06-03 05:37:00,13,78.0,14.41,55.0,walking,1.0,8606.0,8857.0,490.0
2026-06-03 05:38:00,13,78.0,17.83,56.0,,,,,
2026-06-03 05:39:00,14,78.0,17.0,57.0,,,,,
2026-06-03 05:40:00,14,78.0,15.33,56.0,,,,,
2026-06-03 05:41:00,15,78.0,15.5,57.0,,,,,
2026-06-03 05:42:00,11,78.0,14.41,,walking,2.0,8623.0,8866.0,491.0
2026-06-03 05:43:00,13,78.0,16.91,56.0,,,,,
2026-06-03 05:44:00,11,78.0,17.75,57.0,,,,,
2026-06-03 05:45:00,22,79.0,16.63,56.0,,,,,
2026-06-03 05:46:00,13,79.0,14.0,57.0,,,,,
2026-06-03 05:47:00,13,79.0,14.41,72.0,,,,,
2026-06-03 05:48:00,23,79.0,11.22,56.0,,,,,
2026-06-03 05:49:00,13,79.0,11.58,57.0,,,,,
2026-06-03 05:50:00,9,79.0,15.25,63.0,,,,,
2026-06-03 05:51:00,14,79.0,16.16,59.0,,,,,
2026-06-03 05:52:00,8,79.0,16.0,56.0,,,,,
2026-06-03 05:53:00,16,79.0,15.75,57.0,,,,,
2026-06-03 05:54:00,8,79.0,14.5,58.0,,,,,
2026-06-03 05:55:00,13,79.0,14.08,57.0,,,,,
2026-06-03 05:56:00,,,14.33,58.0,,,,,
2026-06-03 05:57:00,8,79.0,16.16,56.0,,,,,
2026-06-03 05:58:00,11,79.0,16.91,58.0,,,,,
2026-06-03 05:59:00,12,79.0,17.58,57.0,,,,,
2026-06-03 06:00:00,17,79.0,16.0,61.0,,,,,
2026-06-03 06:01:00,,,,58.0,,,,,
2026-06-03 06:02:00,12,79.0,17.58,59.0,,,,,
2026-06-03 06:03:00,,,18.33,58.0,,,,,
2026-06-03 06:04:00,6,80.0,14.16,57.0,,,,,
2026-06-03 06:05:00,4,80.0,13.16,58.0,,,,,
2026-06-03 06:06:00,17,80.0,14.0,57.0,,,,,
2026-06-03 06:07:00,19,80.0,14.0,,,,,,
2026-06-03 06:08:00,10,80.0,14.0,,,,,,
2026-06-03 06:09:00,13,80.0,14.0,60.0,,,,,
2026-06-03 06:10:00,12,80.0,14.0,59.0,,,,,
2026-06-03 06:11:00,19,80.0,14.0,,,,,,
2026-06-03 06:12:00,10,80.0,0.0,64.0,,,,,
2026-06-03 06:13:00,8,80.0,0.0,62.0,,,,,
2026-06-03 06:14:00,13,81.0,0.0,65.0,,,,,
2026-06-03 06:15:00,19,81.0,0.0,,,,,,
2026-06-03 06:16:00,13,81.0,0.0,58.0,,,,,
2026-06-03 06:17:00,5,81.0,15.22,57.0,,,,,
2026-06-03 06:18:00,3,81.0,13.66,59.0,,,,,
2026-06-03 06:19:00,8,81.0,14.66,55.0,,,,,
2026-06-03 06:20:00,1,81.0,14.83,63.0,,,,,
2026-06-03 06:21:00,6,81.0,15.16,55.0,,,,,
2026-06-03 06:22:00,13,81.0,14.2,57.0,,,,,
2026-06-03 06:23:00,,,13.66,,,,,,
2026-06-03 06:24:00,9,82.0,16.5,55.0,,,,,
2026-06-03 06:25:00,7,82.0,14.75,59.0,,,,,
2026-06-03 06:26:00,5,82.0,15.66,62.0,,,,,
2026-06-03 06:27:00,10,82.0,16.5,,,,,,
2026-06-03 06:28:00,4,82.0,14.83,69.0,,,,,
2026-06-03 06:29:00,6,82.0,16.75,67.0,,,,,
2026-06-03 06:30:00,,,15.75,49.0,,,,,
2026-06-03 06:31:00,13,83.0,15.25,53.0,,,,,
2026-06-03 06:32:00,13,83.0,18.75,49.0,,,,,
2026-06-03 06:33:00,5,83.0,17.16,55.0,,,,,
2026-06-03 06:34:00,10,83.0,14.5,62.0,,,,,
2026-06-03 06:35:00,4,83.0,11.66,55.0,,,,,
2026-06-03 06:36:00,10,83.0,11.75,,,,,,
2026-06-03 06:37:00,11,83.0,13.58,54.0,,,,,
2026-06-03 06:38:00,15,83.0,15.25,55.0,,,,,
2026-06-03 06:39:00,6,83.0,13.5,,,,,,
2026-06-03 06:40:00,,,11.58,54.0,,,,,
2026-06-03 06:41:00,5,84.0,14.16,53.0,,,,,
2026-06-03 06:42:00,,,16.33,56.0,,,,,
2026-06-03 06:43:00,17,84.0,15.2,59.0,,,,,
2026-06-03 06:44:00,5,84.0,13.33,55.0,,,,,
2026-06-03 06:45:00,13,84.0,15.83,51.0,,,,,
2026-06-03 06:46:00,7,84.0,16.0,55.0,,,,,
2026-06-03 06:47:00,6,84.0,15.08,50.0,,,,,
2026-06-03 06:48:00,4,84.0,15.91,48.0,,,,,
2026-06-03 06:49:00,3,85.0,14.0,61.0,,,,,
2026-06-03 06:50:00,12,85.0,14.54,56.0,,,,,
2026-06-03 06:51:00,2,85.0,14.16,58.0,,,,,
2026-06-03 06:52:00,13,85.0,14.0,56.0,,,,,
2026-06-03 06:53:00,25,85.0,16.63,55.0,,,,,
2026-06-03 06:54:00,7,85.0,14.5,54.0,,,,,
2026-06-03 06:55:00,6,85.0,16.16,55.0,,,,,
2026-06-03 06:56:00,13,85.0,13.83,54.0,,,,,
2026-06-03 06:57:00,,,12.81,53.0,,,,,
2026-06-03 06:58:00,9,85.0,13.41,56.0,,,,,
2026-06-03 06:59:00,8,85.0,12.25,59.0,,,,,
2026-06-03 07:00:00,13,85.0,12.75,54.0,,,,,
2026-06-03 07:01:00,12,85.0,14.75,57.0,,,,,
2026-06-03 07:02:00,2,86.0,14.75,51.0,,,,,
2026-06-03 07:03:00,6,86.0,15.41,56.0,,,,,
2026-06-03 07:04:00,1,86.0,15.5,59.0,,,,,
2026-06-03 07:05:00,2,86.0,14.0,62.0,,,,,
2026-06-03 07:06:00,2,86.0,14.58,53.0,,,,,
2026-06-03 07:07:00,1,87.0,14.58,65.0,,,,,
2026-06-03 07:08:00,3,87.0,14.33,52.0,,,,,
2026-06-03 07:09:00,1,87.0,14.25,55.0,,,,,
2026-06-03 07:10:00,3,87.0,14.25,61.0,,,,,
2026-06-03 07:11:00,4,87.0,13.91,54.0,,,,,
2026-06-03 07:12:00,5,87.0,14.41,57.0,,,,,
2026-06-03 07:13:00,2,88.0,11.33,55.0,,,,,
2026-06-03 07:14:00,3,88.0,12.91,53.0,,,,,
2026-06-03 07:15:00,5,88.0,16.58,,,,,,
2026-06-03 07:16:00,2,88.0,14.83,52.0,,,,,
2026-06-03 07:17:00,2,88.0,14.91,56.0,,,,,
2026-06-03 07:18:00,2,89.0,15.0,58.0,,,,,
2026-06-03 07:19:00,2,89.0,14.66,56.0,,,,,
2026-06-03 07:20:00,3,89.0,16.25,66.0,,,,,
2026-06-03 07:21:00,5,89.0,16.91,55.0,,,,,
2026-06-03 07:22:00,14,89.0,15.25,,,,,,
2026-06-03 07:23:00,5,89.0,16.66,56.0,,,,,
2026-06-03 07:24:00,6,89.0,12.91,58.0,,,,,
2026-06-03 07:25:00,5,89.0,12.91,,,,,,
2026-06-03 07:26:00,2,90.0,11.08,54.0,,,,,
2026-06-03 07:27:00,2,90.0,13.25,57.0,,,,,
2026-06-03 07:28:00,1,90.0,9.5,56.0,,,,,
2026-06-03 07:29:00,8,90.0,10.83,53.0,,,,,
2026-06-03 07:30:00,1,90.0,15.25,52.0,,,,,
2026-06-03 07:31:00,8,90.0,11.9,51.0,,,,,
2026-06-03 07:32:00,15,90.0,12.72,,,,,,
2026-06-03 07:33:00,6,91.0,13.83,52.0,,,,,
2026-06-03 07:34:00,5,91.0,14.5,51.0,,,,,
2026-06-03 07:35:00,1,91.0,15.08,52.0,,,,,
2026-06-03 07:36:00,,,13.66,51.0,,,,,
2026-06-03 07:37:00,6,91.0,11.25,,,,,,
2026-06-03 07:38:00,15,91.0,12.41,53.0,,,,,
2026-06-03 07:39:00,13,91.0,12.5,,,,,,
2026-06-03 07:40:00,9,91.0,12.58,54.0,,,,,
2026-06-03 07:41:00,4,91.0,12.66,50.0,,,,,
2026-06-03 07:42:00,1,92.0,13.91,54.0,,,,,
2026-06-03 07:43:00,6,92.0,13.0,50.0,,,,,
2026-06-03 07:44:00,6,92.0,13.66,52.0,,,,,
2026-06-03 07:45:00,7,92.0,15.08,51.0,,,,,
2026-06-03 07:46:00,4,92.0,15.25,,,,,,
2026-06-03 07:47:00,12,92.0,14.16,,,,,,
2026-06-03 07:48:00,10,92.0,15.08,54.0,,,,,
2026-06-03 07:49:00,10,92.0,15.0,53.0,,,,,
2026-06-03 07:50:00,7,92.0,15.0,57.0,,,,,
2026-06-03 07:51:00,22,92.0,15.0,55.0,,,,,
2026-06-03 07:52:00,63,92.0,15.0,,,,,,
2026-06-03 07:53:00,50,92.0,15.0,51.0,,,,,
2026-06-03 07:54:00,21,92.0,0.0,,,,,,
2026-06-03 07:55:00,5,92.0,14.2,50.0,,,,,
2026-06-03 07:56:00,10,92.0,12.91,52.0,,,,,
2026-06-03 07:57:00,,,11.0,50.0,,,,,
2026-06-03 07:58:00,19,92.0,14.27,53.0,,,,,
2026-06-03 07:59:00,6,92.0,14.0,64.0,,,,,
2026-06-03 08:00:00,5,92.0,14.33,55.0,,,,,
2026-06-03 08:01:00,11,92.0,15.4,54.0,,,,,
2026-06-03 08:02:00,1,93.0,16.25,50.0,,,,,
2026-06-03 08:03:00,0,93.0,15.83,,,,,,
2026-06-03 08:04:00,1,93.0,13.66,54.0,,,,,
2026-06-03 08:05:00,3,93.0,16.83,57.0,,,,,
2026-06-03 08:06:00,4,93.0,14.58,62.0,,,,,
2026-06-03 08:07:00,6,93.0,13.41,59.0,,,,,
2026-06-03 08:08:00,9,93.0,11.91,54.0,,,,,
2026-06-03 08:09:00,14,93.0,9.33,49.0,,,,,
2026-06-03 08:10:00,10,94.0,10.08,53.0,,,,,
2026-06-03 08:11:00,10,94.0,14.33,,,,,,
2026-06-03 08:12:00,20,94.0,12.91,,,,,,
2026-06-03 08:13:00,16,94.0,15.58,52.0,,,,,
2026-06-03 08:14:00,27,94.0,14.5,60.0,,,,,
2026-06-03 08:15:00,10,94.0,18.58,56.0,,,,,
2026-06-03 08:16:00,11,94.0,16.45,,,,,,
2026-06-03 08:17:00,12,94.0,13.75,52.0,,,,,
2026-06-03 08:18:00,14,94.0,18.58,59.0,,,,,
2026-06-03 08:19:00,18,94.0,18.58,79.0,,,,,
2026-06-03 08:20:00,17,94.0,17.58,74.0,,,,,
2026-06-03 08:21:00,17,94.0,13.83,67.0,,,,,
2026-06-03 08:22:00,27,94.0,15.27,59.0,,,,,
2026-06-03 08:23:00,17,94.0,13.66,53.0,,,,,
2026-06-03 08:24:00,15,94.0,16.0,54.0,,,,,
2026-06-03 08:25:00,34,94.0,,62.0,,,,,
2026-06-03 08:26:00,55,94.0,14.18,56.0,,,,,
2026-06-03 08:27:00,,,16.27,54.0,,,,,
2026-06-03 08:28:00,,94.0,11.33,56.0,,,,,
2026-06-03 08:29:00,-2,94.0,,52.0,,,,,
2026-06-03 08:30:00,-2,94.0,,46.0,,,,,
2026-06-03 08:31:00,,,,48.0,,,,,
2026-06-03 08:32:00,-2,92.0,,50.0,,,,,
2026-06-03 08:33:00,,,,52.0,,,,,
2026-06-03 08:34:00,-2,92.0,,53.0,,,,,
2026-06-03 08:35:00,-2,92.0,,55.0,,,,,
2026-06-03 08:36:00,-2,92.0,,,,,,,
2026-06-03 08:37:00,,92.0,13.33,53.0,,,,,
2026-06-03 08:38:00,-2,92.0,,54.0,,,,,
2026-06-03 08:39:00,-2,92.0,,63.0,,,,,
2026-06-03 08:40:00,-2,91.0,,59.0,,,,,
2026-06-03 08:41:00,-2,91.0,,63.0,,,,,
2026-06-03 08:42:00,,,,58.0,,,,,
2026-06-03 08:43:00,-2,91.0,,57.0,,,,,
2026-06-03 08:44:00,-2,90.0,,,,,,,
2026-06-03 08:45:00,-2,90.0,,56.0,,,,,
2026-06-03 08:46:00,69,90.0,12.0,63.0,,,,,
2026-06-03 08:47:00,85,90.0,12.0,59.0,,,,,
2026-06-03 08:48:00,,,12.0,61.0,,,,,
2026-06-03 08:49:00,89,89.0,12.0,66.0,,,,,
2026-06-03 08:50:00,93,89.0,11.18,61.0,,,,,
2026-06-03 08:51:00,89,89.0,12.45,56.0,,,,,
2026-06-03 08:52:00,92,88.0,13.5,66.0,,,,,
2026-06-03 08:53:00,93,88.0,13.08,76.0,,,,,
2026-06-03 08:54:00,-2,88.0,,66.0,,,,,
2026-06-03 08:55:00,90,87.0,10.66,62.0,,,,,
2026-06-03 08:56:00,94,87.0,9.16,63.0,,,,,
2026-06-03 08:57:00,,,9.0,79.0,,,,,
2026-06-03 08:58:00,78,86.0,9.0,85.0,,,,,
2026-06-03 08:59:00,83,86.0,12.09,,walking,7.0,44.5,19.0,0.0
2026-06-03 09:00:00,81,86.0,13.33,79.0,,,,,
2026-06-03 09:01:00,88,86.0,11.55,81.0,,,,,
2026-06-03 09:02:00,95,85.0,12.25,85.0,,,,,
2026-06-03 09:03:00,-2,85.0,,,walking,2.0,73.0,40.0,0.0
2026-06-03 09:04:00,-2,85.0,,67.0,,,,,
2026-06-03 09:05:00,-2,85.0,,70.0,,,,,
2026-06-03 09:06:00,-2,85.0,,80.0,,,,,
2026-06-03 09:07:00,-2,85.0,,,walking,3.0,94.5,54.0,1.0
2026-06-03 09:08:00,-2,84.0,,82.0,,,,,
2026-06-03 09:09:00,-2,84.0,,80.0,,,,,
2026-06-03 09:10:00,-2,84.0,,83.0,,,,,
2026-06-03 09:11:00,-2,84.0,,,walking,2.0,171.5,130.0,4.0
2026-06-03 09:12:00,-2,84.0,,85.0,,,,,
2026-06-03 09:13:00,-2,84.0,,84.0,,,,,
2026-06-03 09:14:00,,,10.7,90.0,,,,,
2026-06-03 09:15:00,,83.0,11.25,93.0,,,,,
2026-06-03 09:16:00,39,83.0,12.58,98.0,,,,,
2026-06-03 09:17:00,48,83.0,13.5,100.0,,,,,
2026-06-03 09:18:00,36,83.0,20.0,96.0,,,,,
2026-06-03 09:19:00,35,83.0,15.91,99.0,,,,,
2026-06-03 09:20:00,30,83.0,13.08,100.0,,,,,
2026-06-03 09:21:00,24,83.0,16.83,99.0,,,,,
2026-06-03 09:22:00,25,83.0,14.08,,,,,,
2026-06-03 09:23:00,31,82.0,12.08,,generic,6.0,0.0,60.0,3.0
2026-06-03 09:24:00,35,82.0,8.8,99.0,,,,,
2026-06-03 09:25:00,30,82.0,8.41,95.0,,,,,
2026-06-03 09:26:00,24,82.0,9.25,91.0,,,,,
2026-06-03 09:27:00,25,82.0,15.0,90.0,,,,,
2026-06-03 09:28:00,54,82.0,12.7,95.0,,,,,
2026-06-03 09:29:00,37,82.0,9.83,,generic,7.0,0.0,75.0,4.0
2026-06-03 09:30:00,36,82.0,17.0,,,,,,
2026-06-03 09:31:00,31,81.0,14.0,105.0,,,,,
2026-06-03 09:32:00,28,81.0,14.58,,,,,,
2026-06-03 09:33:00,25,81.0,14.58,,walking,2.0,350.5,370.0,20.0
2026-06-03 09:34:00,36,81.0,18.45,,generic,6.0,0.0,135.0,8.0
2026-06-03 09:35:00,29,81.0,13.25,108.0,,,,,
2026-06-03 09:36:00,24,81.0,11.08,107.0,,,,,
2026-06-03 09:37:00,30,81.0,11.58,95.0,,,,,
2026-06-03 09:38:00,42,81.0,16.25,97.0,,,,,
2026-06-03 09:39:00,45,81.0,19.0,96.0,,,,,
2026-06-03 09:40:00,25,81.0,17.75,94.0,,,,,
2026-06-03 09:41:00,31,81.0,15.33,,walking,3.0,689.0,720.0,50.0
2026-06-03 09:42:00,23,80.0,18.25,80.0,,,,,
2026-06-03 09:43:00,23,80.0,17.5,71.0,,,,,
2026-06-03 09:44:00,39,80.0,16.91,73.0,,,,,
2026-06-03 09:45:00,42,80.0,15.0,72.0,,,,,
2026-06-03 09:46:00,36,80.0,16.54,71.0,,,,,
2026-06-03 09:47:00,33,80.0,13.41,70.0,,,,,
2026-06-03 09:48:00,36,80.0,12.16,69.0,,,,,
2026-06-03 09:49:00,39,80.0,11.4,66.0,,,,,
2026-06-03 09:50:00,29,80.0,17.41,,,,,,
2026-06-03 09:51:00,23,80.0,17.5,72.0,,,,,
2026-06-03 09:52:00,29,80.0,15.33,67.0,,,,,
2026-06-03 09:53:00,22,79.0,14.25,,,,,,
2026-06-03 09:54:00,27,79.0,16.16,68.0,,,,,
2026-06-03 09:55:00,36,79.0,19.8,73.0,,,,,
2026-06-03 09:56:00,33,79.0,17.75,70.0,,,,,
2026-06-03 09:57:00,30,79.0,15.2,69.0,,,,,
2026-06-03 09:58:00,52,79.0,14.83,67.0,,,,,
2026-06-03 09:59:00,24,79.0,16.0,66.0,,,,,
2026-06-03 10:00:00,20,79.0,18.58,,,,,,
2026-06-03 10:01:00,23,79.0,12.5,69.0,,,,,
2026-06-03 10:02:00,24,79.0,10.08,70.0,,,,,
2026-06-03 10:03:00,20,79.0,,67.0,,,,,
2026-06-03 10:04:00,70,79.0,,68.0,,,,,
2026-06-03 10:05:00,67,78.0,,,,,,,
2026-06-03 10:06:00,-2,78.0,,71.0,,,,,
2026-06-03 10:07:00,-2,78.0,,64.0,,,,,
2026-06-03 10:08:00,-2,78.0,,65.0,,,,,
2026-06-03 10:09:00,-2,78.0,,66.0,,,,,
2026-06-03 10:10:00,-2,78.0,,67.0,,,,,
2026-06-03 10:11:00,,,,68.0,,,,,
2026-06-03 10:12:00,-2,77.0,,70.0,,,,,
2026-06-03 10:13:00,-2,77.0,,69.0,,,,,
2026-06-03 10:14:00,,77.0,16.91,,,,,,
2026-06-03 10:15:00,-2,77.0,,,,,,,
2026-06-03 10:16:00,-2,77.0,,,,,,,
2026-06-03 10:17:00,-2,77.0,,70.0,,,,,
2026-06-03 10:18:00,-2,77.0,,65.0,,,,,
2026-06-03 10:19:00,-2,76.0,,66.0,,,,,
2026-06-03 10:20:00,-2,76.0,,,,,,,
2026-06-03 10:21:00,72,76.0,,67.0,,,,,
2026-06-03 10:22:00,63,76.0,12.9,70.0,,,,,
2026-06-03 10:23:00,-2,76.0,,66.0,,,,,
2026-06-03 10:24:00,-2,76.0,,,,,,,
2026-06-03 10:25:00,,76.0,14.54,78.0,,,,,
2026-06-03 10:26:00,-2,76.0,,66.0,,,,,
2026-06-03 10:27:00,-2,75.0,,63.0,,,,,
2026-06-03 10:28:00,,75.0,,65.0,,,,,
2026-06-03 10:29:00,,75.0,16.54,66.0,,,,,
2026-06-03 10:30:00,41,75.0,15.08,,,,,,
2026-06-03 10:31:00,37,75.0,11.81,78.0,,,,,
2026-06-03 10:32:00,59,75.0,12.75,77.0,,,,,
2026-06-03 10:33:00,,,14.66,81.0,,,,,
2026-06-03 10:34:00,39,75.0,16.16,84.0,,,,,
2026-06-03 10:35:00,51,75.0,12.5,,,,,,
2026-06-03 10:36:00,45,74.0,12.18,90.0,,,,,
2026-06-03 10:37:00,35,74.0,13.41,91.0,,,,,
2026-06-03 10:38:00,54,74.0,12.33,94.0,,,,,
2026-06-03 10:39:00,57,74.0,12.75,111.0,,,,,
2026-06-03 10:40:00,42,74.0,14.81,,walking,2.0,1100.5,1189.0,78.0
2026-06-03 10:41:00,34,74.0,14.0,97.0,,,,,
2026-06-03 10:42:00,41,74.0,14.75,,walking,2.0,1126.0,1213.0,79.0
2026-06-03 10:43:00,67,73.0,12.83,97.0,,,,,
2026-06-03 10:44:00,72,73.0,12.18,92.0,,,,,
2026-06-03 10:45:00,-2,73.0,,90.0,,,,,
2026-06-03 10:46:00,-2,73.0,,89.0,,,,,
2026-06-03 10:47:00,,73.0,8.0,91.0,,,,,
2026-06-03 10:48:00,,,8.0,86.0,,,,,
2026-06-03 10:49:00,49,73.0,9.09,77.0,,,,,
2026-06-03 10:50:00,64,72.0,10.0,79.0,,,,,
2026-06-03 10:51:00,39,72.0,10.0,86.0,,,,,
2026-06-03 10:52:00,51,72.0,10.16,85.0,,,,,
2026-06-03 10:53:00,59,72.0,10.0,86.0,,,,,
2026-06-03 10:54:00,51,72.0,10.0,84.0,,,,,
2026-06-03 10:55:00,-2,72.0,,,walking,3.0,1466.5,1533.0,96.0
2026-06-03 10:56:00,-2,72.0,,76.0,,,,,
2026-06-03 10:57:00,-2,72.0,,68.0,,,,,
2026-06-03 10:58:00,-2,71.0,,69.0,,,,,
2026-06-03 10:59:00,,71.0,,73.0,,,,,
2026-06-03 11:00:00,-2,71.0,,76.0,,,,,
2026-06-03 11:01:00,-2,71.0,,73.0,,,,,
2026-06-03 11:02:00,,71.0,10.41,,,,,,
2026-06-03 11:03:00,,71.0,12.33,,,,,,
2026-06-03 11:04:00,,71.0,14.18,70.0,,,,,
2026-06-03 11:05:00,89,70.0,,74.0,,,,,
2026-06-03 11:06:00,64,70.0,14.4,,,,,,
2026-06-03 11:07:00,64,70.0,14.83,72.0,,,,,
2026-06-03 11:08:00,-2,70.0,,69.0,,,,,
2026-06-03 11:09:00,51,70.0,15.72,71.0,,,,,
2026-06-03 11:10:00,56,70.0,18.75,81.0,,,,,
2026-06-03 11:11:00,40,70.0,19.0,82.0,,,,,
2026-06-03 11:12:00,61,69.0,17.0,83.0,,,,,
2026-06-03 11:13:00,53,69.0,12.58,107.0,,,,,
2026-06-03 11:14:00,45,69.0,12.0,,generic,2.0,0.0,180.0,10.0
2026-06-03 11:15:00,,,,82.0,,,,,
2026-06-03 11:16:00,,69.0,14.88,72.0,,,,,
2026-06-03 11:17:00,,69.0,14.54,75.0,,,,,
2026-06-03 11:18:00,,69.0,15.75,70.0,,,,,
2026-06-03 11:19:00,65,69.0,12.1,72.0,,,,,
2026-06-03 11:20:00,69,69.0,15.36,75.0,,,,,
2026-06-03 11:21:00,68,68.0,14.27,79.0,,,,,
2026-06-03 11:22:00,69,68.0,14.0,74.0,,,,,
2026-06-03 11:23:00,67,68.0,12.0,,walking,3.0,1632.5,1710.0,108.0
2026-06-03 11:24:00,68,68.0,13.25,97.0,,,,,
2026-06-03 11:25:00,76,68.0,16.0,99.0,,,,,
2026-06-03 11:26:00,-2,67.0,,115.0,,,,,
2026-06-03 11:27:00,,67.0,,,walking,2.0,1807.5,1950.0,127.0
2026-06-03 11:28:00,,67.0,16.0,,walking,1.0,1829.5,2010.0,131.0
2026-06-03 11:29:00,65,67.0,12.33,,generic,2.0,0.0,240.0,14.0
2026-06-03 11:30:00,72,67.0,10.55,,walking,0.0,1843.5,2070.0,134.0
2026-06-03 11:31:00,-2,67.0,,,generic,5.0,0.0,285.0,16.0
2026-06-03 11:32:00,,67.0,14.0,97.0,,,,,
2026-06-03 11:33:00,-2,67.0,,82.0,,,,,
2026-06-03 11:34:00,,67.0,,78.0,,,,,
2026-06-03 11:35:00,-2,66.0,,73.0,,,,,
2026-06-03 11:36:00,-2,66.0,,75.0,,,,,
2026-06-03 11:37:00,-2,66.0,,74.0,,,,,
2026-06-03 11:38:00,-2,66.0,,75.0,,,,,
2026-06-03 11:39:00,,66.0,0.0,77.0,,,,,
2026-06-03 11:40:00,-2,65.0,,,,,,,
2026-06-03 11:41:00,-2,65.0,,75.0,,,,,
2026-06-03 11:42:00,-2,65.0,,81.0,,,,,
2026-06-03 11:43:00,,,,77.0,,,,,
2026-06-03 11:44:00,,65.0,0.0,,walking,1.0,1852.5,2075.0,134.0
2026-06-03 11:45:00,87,65.0,15.83,69.0,,,,,
2026-06-03 11:46:00,66,65.0,14.75,75.0,,,,,
2026-06-03 11:47:00,97,64.0,15.75,77.0,,,,,
2026-06-03 11:48:00,43,64.0,15.58,,,,,,
2026-06-03 11:49:00,43,64.0,18.41,81.0,,,,,
2026-06-03 11:50:00,48,64.0,15.75,79.0,,,,,
2026-06-03 11:51:00,49,64.0,15.83,,,,,,
2026-06-03 11:52:00,60,64.0,15.5,,,,,,
2026-06-03 11:53:00,63,64.0,14.16,86.0,,,,,
2026-06-03 11:54:00,45,64.0,14.25,94.0,,,,,
2026-06-03 11:55:00,30,63.0,19.91,83.0,,,,,
2026-06-03 11:56:00,54,63.0,17.25,77.0,,,,,
2026-06-03 11:57:00,46,63.0,14.91,83.0,,,,,
2026-06-03 11:58:00,39,63.0,14.08,92.0,,,,,
2026-06-03 11:59:00,42,63.0,17.41,,walking,2.0,1923.0,2151.0,139.0
2026-06-03 12:00:00,42,63.0,14.41,,generic,6.0,0.0,345.0,20.0
2026-06-03 12:01:00,36,63.0,11.16,,,,,,
2026-06-03 12:02:00,38,63.0,9.75,100.0,,,,,
2026-06-03 12:03:00,36,63.0,14.75,107.0,,,,,
2026-06-03 12:04:00,42,63.0,14.5,117.0,,,,,
2026-06-03 12:05:00,33,63.0,13.75,,,,,,
2026-06-03 12:06:00,29,63.0,16.33,,,,,,
2026-06-03 12:07:00,39,63.0,18.08,123.0,,,,,
2026-06-03 12:08:00,33,62.0,14.08,122.0,,,,,
2026-06-03 12:09:00,36,62.0,12.25,,walking,2.0,2339.5,2691.0,188.0
2026-06-03 12:10:00,31,62.0,17.08,,walking,2.0,2380.0,2751.0,193.0
2026-06-03 12:11:00,47,62.0,15.75,121.0,,,,,
2026-06-03 12:12:00,,,15.33,,generic,4.0,0.0,465.0,30.0
2026-06-03 12:13:00,34,62.0,13.58,,,,,,
2026-06-03 12:14:00,20,62.0,17.58,,generic,3.0,0.0,585.0,37.0
2026-06-03 12:15:00,24,62.0,18.16,83.0,,,,,
2026-06-03 12:16:00,36,62.0,12.75,73.0,,,,,
2026-06-03 12:17:00,40,62.0,10.33,72.0,,,,,
2026-06-03 12:18:00,31,62.0,11.58,73.0,,,,,
2026-06-03 12:19:00,24,62.0,9.33,75.0,,,,,
2026-06-03 12:20:00,29,62.0,7.91,76.0,,,,,
2026-06-03 12:21:00,42,62.0,10.0,73.0,,,,,
2026-06-03 12:22:00,35,62.0,13.91,70.0,,,,,
2026-06-03 12:23:00,25,62.0,12.33,73.0,,,,,
2026-06-03 12:24:00,41,62.0,12.66,,,,,,
2026-06-03 12:25:00,28,62.0,15.0,70.0,,,,,
2026-06-03 12:26:00,59,61.0,12.5,69.0,,,,,
2026-06-03 12:27:00,48,61.0,9.83,68.0,,,,,
2026-06-03 12:28:00,33,61.0,10.0,,,,,,
2026-06-03 12:29:00,23,61.0,11.45,74.0,,,,,
2026-06-03 12:30:00,22,61.0,12.0,73.0,,,,,
2026-06-03 12:31:00,30,61.0,10.75,72.0,,,,,
2026-06-03 12:32:00,25,61.0,10.33,69.0,,,,,
2026-06-03 12:33:00,32,61.0,12.08,,,,,,
2026-06-03 12:34:00,47,61.0,13.58,71.0,,,,,
2026-06-03 12:35:00,48,61.0,10.33,,,,,,
2026-06-03 12:36:00,18,60.0,10.0,72.0,,,,,
2026-06-03 12:37:00,19,60.0,12.54,68.0,,,,,
2026-06-03 12:38:00,-2,60.0,,71.0,,,,,
2026-06-03 12:39:00,-2,60.0,,,,,,,
2026-06-03 12:40:00,-2,60.0,,68.0,,,,,
2026-06-03 12:41:00,-2,60.0,,64.0,,,,,
2026-06-03 12:42:00,,60.0,12.0,63.0,,,,,
2026-06-03 12:43:00,62,60.0,12.0,68.0,,,,,
2026-06-03 12:44:00,51,60.0,12.0,,,,,,
2026-06-03 12:45:00,54,59.0,11.63,,,,,,
2026-06-03 12:46:00,53,59.0,11.75,65.0,,,,,
2026-06-03 12:47:00,38,59.0,12.4,67.0,,,,,
2026-06-03 12:48:00,36,59.0,12.36,70.0,,,,,
2026-06-03 12:49:00,,59.0,14.88,66.0,,,,,
2026-06-03 12:50:00,,59.0,12.0,,,,,,
2026-06-03 12:51:00,,59.0,11.75,69.0,,,,,
2026-06-03 12:52:00,61,59.0,13.9,,,,,,
2026-06-03 12:53:00,67,59.0,14.25,75.0,,,,,
2026-06-03 12:54:00,72,59.0,11.41,73.0,,,,,
2026-06-03 12:55:00,61,58.0,11.5,66.0,,,,,
2026-06-03 12:56:00,68,58.0,12.0,,,,,,
2026-06-03 12:57:00,81,58.0,14.91,64.0,,,,,
2026-06-03 12:58:00,80,58.0,15.81,71.0,,,,,
2026-06-03 12:59:00,84,58.0,14.41,62.0,,,,,
2026-06-03 13:00:00,86,58.0,16.58,69.0,,,,,
2026-06-03 13:01:00,82,58.0,,,,,,,
2026-06-03 13:02:00,,58.0,14.08,74.0,,,,,
2026-06-03 13:03:00,,57.0,13.44,61.0,,,,,
2026-06-03 13:04:00,-2,57.0,,59.0,,,,,
2026-06-03 13:05:00,-2,57.0,,69.0,,,,,
2026-06-03 13:06:00,-2,57.0,,81.0,,,,,
2026-06-03 13:07:00,,57.0,,83.0,,,,,
2026-06-03 13:08:00,-2,57.0,,,walking,2.0,2534.5,2909.0,204.0
2026-06-03 13:09:00,-2,57.0,,,,,,,
2026-06-03 13:10:00,,57.0,,79.0,,,,,
2026-06-03 13:11:00,,57.0,9.9,76.0,,,,,
2026-06-03 13:12:00,66,56.0,10.58,,,,,,
2026-06-03 13:13:00,56,56.0,18.91,77.0,,,,,
2026-06-03 13:14:00,58,56.0,21.08,69.0,,,,,
2026-06-03 13:15:00,46,56.0,12.5,68.0,,,,,
2026-06-03 13:16:00,58,56.0,12.16,69.0,,,,,
2026-06-03 13:17:00,60,56.0,12.45,,walking,2.0,2597.5,2966.0,205.0
2026-06-03 13:18:00,,,15.55,76.0,,,,,
2026-06-03 13:19:00,-2,56.0,,79.0,,,,,
2026-06-03 13:20:00,-2,56.0,,74.0,,,,,
2026-06-03 13:21:00,-2,56.0,,78.0,,,,,
2026-06-03 13:22:00,,55.0,,,,,,,
2026-06-03 13:23:00,,55.0,17.0,82.0,,,,,
2026-06-03 13:24:00,75,55.0,14.75,85.0,,,,,
2026-06-03 13:25:00,70,55.0,12.0,84.0,,,,,
2026-06-03 13:26:00,71,55.0,12.5,89.0,,,,,
2026-06-03 13:27:00,62,55.0,10.16,90.0,,,,,
2026-06-03 13:28:00,-2,55.0,,,walking,1.0,2603.0,2970.0,205.0
2026-06-03 13:29:00,39,55.0,12.0,85.0,,,,,
2026-06-03 13:30:00,30,55.0,14.91,79.0,,,,,
2026-06-03 13:31:00,51,54.0,18.0,86.0,,,,,
2026-06-03 13:32:00,54,54.0,15.5,97.0,,,,,
2026-06-03 13:33:00,31,54.0,13.45,102.0,,,,,
2026-06-03 13:34:00,37,54.0,14.83,100.0,,,,,
2026-06-03 13:35:00,36,54.0,19.66,96.0,,,,,
2026-06-03 13:36:00,39,54.0,20.08,101.0,,,,,
2026-06-03 13:37:00,40,54.0,20.16,,walking,2.0,2874.5,3325.0,228.0
2026-06-03 13:38:00,37,54.0,20.41,84.0,,,,,
2026-06-03 13:39:00,40,54.0,19.41,82.0,,,,,
2026-06-03 13:40:00,45,54.0,19.41,,,,,,
2026-06-03 13:41:00,49,54.0,21.08,80.0,,,,,
2026-06-03 13:42:00,40,54.0,19.25,81.0,,,,,
2026-06-03 13:43:00,37,54.0,20.0,78.0,,,,,
2026-06-03 13:44:00,34,54.0,18.66,75.0,,,,,
2026-06-03 13:45:00,34,54.0,18.08,76.0,,,,,
2026-06-03 13:46:00,48,54.0,15.58,,,,,,
2026-06-03 13:47:00,34,53.0,16.16,92.0,,,,,
2026-06-03 13:48:00,42,53.0,,98.0,,,,,
2026-06-03 13:49:00,-2,53.0,,97.0,,,,,
2026-06-03 13:50:00,-2,53.0,,91.0,,,,,
2026-06-03 13:51:00,-2,53.0,,84.0,,,,,
2026-06-03 13:52:00,-2,53.0,,79.0,,,,,
2026-06-03 13:53:00,-2,53.0,,78.0,,,,,
2026-06-03 13:54:00,,53.0,,80.0,,,,,
2026-06-03 13:55:00,,53.0,14.0,72.0,,,,,
2026-06-03 13:56:00,31,53.0,11.0,74.0,,,,,
2026-06-03 13:57:00,34,53.0,11.91,66.0,,,,,
2026-06-03 13:58:00,24,53.0,12.41,73.0,,,,,
2026-06-03 13:59:00,,,17.83,74.0,,,,,
2026-06-03 14:00:00,36,53.0,15.58,69.0,,,,,
2026-06-03 14:01:00,54,53.0,15.9,68.0,,,,,
2026-06-03 14:02:00,39,53.0,13.91,69.0,,,,,
2026-06-03 14:03:00,30,52.0,14.18,,,,,,
2026-06-03 14:04:00,25,52.0,15.83,,,,,,
2026-06-03 14:05:00,25,52.0,17.83,,,,,,
2026-06-03 14:06:00,30,52.0,15.33,,,,,,
2026-06-03 14:07:00,28,52.0,12.81,71.0,,,,,
2026-06-03 14:08:00,27,52.0,8.0,,,,,,
2026-06-03 14:09:00,30,52.0,11.83,,,,,,
2026-06-03 14:10:00,28,52.0,15.0,68.0,,,,,
2026-06-03 14:11:00,34,52.0,14.41,69.0,,,,,
2026-06-03 14:12:00,27,52.0,12.0,67.0,,,,,
2026-06-03 14:13:00,42,52.0,12.83,74.0,,,,,
2026-06-03 14:14:00,36,52.0,12.81,69.0,,,,,
2026-06-03 14:15:00,27,51.0,9.5,72.0,,,,,
2026-06-03 14:16:00,40,51.0,9.16,96.0,,,,,
2026-06-03 14:17:00,41,51.0,9.16,93.0,,,,,
2026-06-03 14:18:00,,,17.83,,walking,1.0,3108.0,3628.0,245.0
2026-06-03 14:19:00,67,51.0,16.5,,generic,6.0,0.0,645.0,40.0
2026-06-03 14:20:00,42,51.0,15.16,106.0,,,,,
2026-06-03 14:21:00,43,51.0,16.16,103.0,,,,,
2026-06-03 14:22:00,32,51.0,17.83,73.0,,,,,
2026-06-03 14:23:00,37,51.0,18.5,65.0,,,,,
2026-06-03 14:24:00,53,51.0,21.08,68.0,,,,,
2026-06-03 14:25:00,37,51.0,18.91,66.0,,,,,
2026-06-03 14:26:00,45,51.0,12.6,67.0,,,,,
2026-06-03 14:27:00,48,50.0,15.16,69.0,,,,,
2026-06-03 14:28:00,41,50.0,17.83,71.0,,,,,
2026-06-03 14:29:00,37,50.0,14.36,,,,,,
2026-06-03 14:30:00,40,50.0,16.66,69.0,,,,,
2026-06-03 14:31:00,43,50.0,17.63,68.0,,,,,
2026-06-03 14:32:00,36,50.0,13.45,67.0,,,,,
2026-06-03 14:33:00,31,50.0,15.66,70.0,,,,,
2026-06-03 14:34:00,36,50.0,11.75,67.0,,,,,
2026-06-03 14:35:00,72,50.0,13.75,68.0,,,,,
2026-06-03 14:36:00,,,14.83,70.0,,,,,
2026-06-03 14:37:00,36,50.0,13.33,66.0,,,,,
2026-06-03 14:38:00,33,50.0,16.16,68.0,,,,,
2026-06-03 14:39:00,,,16.16,67.0,,,,,
2026-06-03 14:40:00,36,50.0,14.0,70.0,,,,,
2026-06-03 14:41:00,27,50.0,16.08,73.0,,,,,
2026-06-03 14:42:00,36,50.0,15.41,69.0,,,,,
2026-06-03 14:43:00,38,50.0,15.0,68.0,,,,,
2026-06-03 14:44:00,35,50.0,15.5,71.0,,,,,
2026-06-03 14:45:00,31,50.0,16.75,66.0,,,,,
2026-06-03 14:46:00,27,50.0,14.16,76.0,,,,,
2026-06-03 14:47:00,29,50.0,12.83,74.0,,,,,
2026-06-03 14:48:00,43,50.0,17.58,71.0,,,,,
2026-06-03 14:49:00,39,49.0,16.5,68.0,,,,,
2026-06-03 14:50:00,27,49.0,18.0,67.0,,,,,
2026-06-03 14:51:00,25,49.0,17.83,73.0,,,,,
2026-06-03 14:52:00,28,49.0,16.0,69.0,,,,,
2026-06-03 14:53:00,32,49.0,12.66,73.0,,,,,
2026-06-03 14:54:00,34,49.0,10.16,75.0,,,,,
2026-06-03 14:55:00,34,49.0,13.16,71.0,,,,,
2026-06-03 14:56:00,30,49.0,13.54,,,,,,
2026-06-03 14:57:00,23,49.0,15.25,,,,,,
2026-06-03 14:58:00,25,49.0,14.58,68.0,,,,,
2026-06-03 14:59:00,30,49.0,13.33,69.0,,,,,
2026-06-03 15:00:00,,,11.33,68.0,,,,,
2026-06-03 15:01:00,29,49.0,10.5,69.0,,,,,
2026-06-03 15:02:00,25,49.0,13.0,82.0,,,,,
2026-06-03 15:03:00,44,48.0,10.33,78.0,,,,,
2026-06-03 15:04:00,39,48.0,10.0,67.0,,,,,
2026-06-03 15:05:00,23,48.0,10.0,70.0,,,,,
2026-06-03 15:06:00,33,48.0,11.41,67.0,,,,,
2026-06-03 15:07:00,29,48.0,13.58,69.0,,,,,
2026-06-03 15:08:00,30,48.0,14.58,67.0,,,,,
2026-06-03 15:09:00,28,48.0,11.41,68.0,,,,,
2026-06-03 15:10:00,27,48.0,11.41,,,,,,
2026-06-03 15:11:00,31,48.0,14.16,66.0,,,,,
2026-06-03 15:12:00,35,48.0,17.25,65.0,,,,,
2026-06-03 15:13:00,24,48.0,16.18,67.0,,,,,
2026-06-03 15:14:00,42,48.0,16.0,65.0,,,,,
2026-06-03 15:15:00,-2,48.0,,67.0,,,,,
2026-06-03 15:16:00,-2,48.0,,70.0,,,,,
2026-06-03 15:17:00,-2,48.0,,65.0,,,,,
2026-06-03 15:18:00,-2,48.0,,,,,,,
2026-06-03 15:19:00,,,,66.0,,,,,
2026-06-03 15:20:00,-2,48.0,,67.0,,,,,
2026-06-03 15:21:00,,48.0,14.55,,,,,,
2026-06-03 15:22:00,,48.0,15.91,66.0,,,,,
2026-06-03 15:23:00,23,48.0,14.27,65.0,,,,,
2026-06-03 15:24:00,19,48.0,14.75,,,,,,
2026-06-03 15:25:00,25,48.0,14.91,64.0,,,,,
2026-06-03 15:26:00,37,48.0,,65.0,,,,,
2026-06-03 15:27:00,-2,48.0,,,,,,,
2026-06-03 15:28:00,-2,48.0,,,,,,,
2026-06-03 15:29:00,-2,48.0,,63.0,,,,,
2026-06-03 15:30:00,-2,48.0,,65.0,,,,,
2026-06-03 15:31:00,-2,48.0,,68.0,,,,,
2026-06-03 15:32:00,,47.0,9.88,63.0,,,,,
2026-06-03 15:33:00,-2,47.0,,66.0,,,,,
2026-06-03 15:34:00,,47.0,9.0,63.0,,,,,
2026-06-03 15:35:00,,47.0,9.0,64.0,,,,,
2026-06-03 15:36:00,63,47.0,8.33,62.0,,,,,
2026-06-03 15:37:00,38,47.0,8.25,64.0,,,,,
2026-06-03 15:38:00,24,47.0,13.25,66.0,,,,,
2026-06-03 15:39:00,30,47.0,17.33,64.0,,,,,
2026-06-03 15:40:00,42,47.0,13.5,68.0,,,,,
2026-06-03 15:41:00,61,47.0,12.63,,,,,,
2026-06-03 15:42:00,60,46.0,12.83,,walking,2.0,3191.5,3763.0,253.0
2026-06-03 15:43:00,-2,46.0,,92.0,,,,,
2026-06-03 15:44:00,-2,46.0,,82.0,,,,,
2026-06-03 15:45:00,,46.0,14.0,83.0,,,,,
2026-06-03 15:46:00,62,46.0,14.0,79.0,,,,,
2026-06-03 15:47:00,61,46.0,15.0,83.0,,,,,
2026-06-03 15:48:00,29,46.0,13.91,,walking,2.0,3400.0,3985.0,263.0
2026-06-03 15:49:00,-2,46.0,,69.0,,,,,
2026-06-03 15:50:00,-2,46.0,,64.0,,,,,
2026-06-03 15:51:00,-2,46.0,,59.0,,,,,
2026-06-03 15:52:00,-2,45.0,,67.0,,,,,
2026-06-03 15:53:00,-2,45.0,,70.0,,,,,
2026-06-03 15:54:00,,45.0,15.45,87.0,,,,,
2026-06-03 15:55:00,-2,45.0,,91.0,,,,,
2026-06-03 15:56:00,,45.0,12.0,88.0,,,,,
2026-06-03 15:57:00,96,45.0,12.5,,walking,2.0,3621.0,4220.0,275.0
2026-06-03 15:58:00,52,45.0,13.5,99.0,,,,,
2026-06-03 15:59:00,22,45.0,15.66,97.0,,,,,
2026-06-03 16:00:00,,,15.5,,walking,3.0,3701.5,4305.0,281.0
2026-06-03 16:01:00,22,45.0,19.33,127.0,,,,,
2026-06-03 16:02:00,22,45.0,15.25,,generic,4.0,0.0,750.0,50.0
2026-06-03 16:03:00,25,45.0,12.16,86.0,,,,,
2026-06-03 16:04:00,27,45.0,13.58,68.0,,,,,
2026-06-03 16:05:00,28,45.0,14.33,61.0,,,,,
2026-06-03 16:06:00,18,45.0,15.66,71.0,,,,,
2026-06-03 16:07:00,22,45.0,16.41,70.0,,,,,
2026-06-03 16:08:00,21,45.0,16.25,74.0,,,,,
2026-06-03 16:09:00,21,45.0,19.33,80.0,,,,,
2026-06-03 16:10:00,30,45.0,16.08,82.0,,,,,
2026-06-03 16:11:00,33,45.0,18.33,,walking,2.0,3767.5,4371.0,284.0
2026-06-03 16:12:00,,,19.58,87.0,,,,,
2026-06-03 16:13:00,23,45.0,18.16,79.0,,,,,
2026-06-03 16:14:00,-2,45.0,,80.0,,,,,
2026-06-03 16:15:00,-2,45.0,,66.0,,,,,
2026-06-03 16:16:00,-2,45.0,,,,,,,
2026-06-03 16:17:00,-2,44.0,,86.0,,,,,
2026-06-03 16:18:00,,44.0,,91.0,,,,,
2026-06-03 16:19:00,,44.0,12.54,93.0,,,,,
2026-06-03 16:20:00,29,44.0,13.33,,walking,2.0,4003.5,4623.0,299.0
2026-06-03 16:21:00,16,44.0,13.0,88.0,,,,,
2026-06-03 16:22:00,47,44.0,12.5,,walking,1.0,4020.5,4648.0,301.0
2026-06-03 16:23:00,55,44.0,14.91,113.0,,,,,
2026-06-03 16:24:00,23,44.0,15.9,,generic,5.0,0.0,870.0,59.0
2026-06-03 16:25:00,24,44.0,15.0,87.0,,,,,
2026-06-03 16:26:00,18,44.0,15.0,64.0,,,,,
2026-06-03 16:27:00,20,44.0,15.0,66.0,,,,,
2026-06-03 16:28:00,20,44.0,12.58,64.0,,,,,
2026-06-03 16:29:00,30,44.0,15.25,,,,,,
2026-06-03 16:30:00,,,12.66,,,,,,
2026-06-03 16:31:00,31,44.0,10.5,66.0,,,,,
2026-06-03 16:32:00,20,44.0,10.5,67.0,,,,,
2026-06-03 16:33:00,21,44.0,9.91,64.0,,,,,
2026-06-03 16:34:00,24,44.0,11.0,62.0,,,,,
2026-06-03 16:35:00,21,44.0,10.25,67.0,,,,,
2026-06-03 16:36:00,18,44.0,9.33,64.0,,,,,
2026-06-03 16:37:00,23,44.0,12.45,67.0,,,,,
2026-06-03 16:38:00,36,44.0,17.08,64.0,,,,,
2026-06-03 16:39:00,22,44.0,14.41,69.0,,,,,
2026-06-03 16:40:00,18,44.0,11.75,66.0,,,,,
2026-06-03 16:41:00,19,44.0,12.41,74.0,,,,,
2026-06-03 16:42:00,,44.0,14.41,93.0,,,,,
2026-06-03 16:43:00,24,44.0,14.41,73.0,,,,,
2026-06-03 16:44:00,21,43.0,14.75,,walking,2.0,4117.5,4753.0,305.0
2026-06-03 16:45:00,,,9.91,,,,,,
2026-06-03 16:46:00,20,43.0,9.75,62.0,,,,,
2026-06-03 16:47:00,22,43.0,9.45,61.0,,,,,
2026-06-03 16:48:00,22,43.0,12.58,59.0,,,,,
2026-06-03 16:49:00,30,43.0,13.0,69.0,,,,,
2026-06-03 16:50:00,24,43.0,12.66,78.0,,,,,
2026-06-03 16:51:00,21,43.0,9.66,62.0,,,,,
2026-06-03 16:52:00,20,43.0,9.0,59.0,,,,,
2026-06-03 16:53:00,17,43.0,13.41,,,,,,
2026-06-03 16:54:00,33,43.0,17.25,60.0,,,,,
2026-06-03 16:55:00,27,43.0,14.45,59.0,,,,,
2026-06-03 16:56:00,24,43.0,15.41,61.0,,,,,
2026-06-03 16:57:00,25,43.0,15.75,63.0,,,,,
2026-06-03 16:58:00,20,43.0,16.08,66.0,,,,,
2026-06-03 16:59:00,22,43.0,15.5,,,,,,
2026-06-03 17:00:00,27,43.0,18.41,62.0,,,,,
2026-06-03 17:01:00,34,43.0,18.9,68.0,,,,,
2026-06-03 17:02:00,39,43.0,15.41,60.0,,,,,
2026-06-03 17:03:00,48,43.0,13.63,65.0,,,,,
2026-06-03 17:04:00,23,43.0,16.41,63.0,,,,,
2026-06-03 17:05:00,33,43.0,19.33,69.0,,,,,
2026-06-03 17:06:00,27,43.0,12.16,63.0,,,,,
2026-06-03 17:07:00,23,43.0,14.25,59.0,,,,,
2026-06-03 17:08:00,41,43.0,18.16,63.0,,,,,
2026-06-03 17:09:00,33,43.0,14.91,62.0,,,,,
2026-06-03 17:10:00,46,43.0,14.33,,,,,,
2026-06-03 17:11:00,53,43.0,12.83,64.0,,,,,
2026-06-03 17:12:00,61,43.0,9.83,65.0,,,,,
2026-06-03 17:13:00,41,43.0,10.72,60.0,,,,,
2026-06-03 17:14:00,20,43.0,11.75,61.0,,,,,
2026-06-03 17:15:00,23,43.0,12.0,64.0,,,,,
2026-06-03 17:16:00,32,42.0,15.41,65.0,,,,,
2026-06-03 17:17:00,29,42.0,17.66,62.0,,,,,
2026-06-03 17:18:00,30,42.0,15.0,61.0,,,,,
2026-06-03 17:19:00,25,42.0,13.16,60.0,,,,,
2026-06-03 17:20:00,46,42.0,11.25,,,,,,
2026-06-03 17:21:00,,,14.2,64.0,,,,,
2026-06-03 17:22:00,-2,42.0,,68.0,,,,,
2026-06-03 17:23:00,-2,42.0,,66.0,,,,,
2026-06-03 17:24:00,,42.0,14.55,65.0,,,,,
2026-06-03 17:25:00,-2,42.0,,,,,,,
2026-06-03 17:26:00,-2,42.0,,64.0,,,,,
2026-06-03 17:27:00,-2,42.0,,66.0,,,,,
2026-06-03 17:28:00,-2,41.0,,71.0,,,,,
2026-06-03 17:29:00,,41.0,16.18,69.0,,,,,
2026-06-03 17:30:00,-2,41.0,,75.0,,,,,
2026-06-03 17:31:00,,41.0,,65.0,,,,,
2026-06-03 17:32:00,,41.0,,,,,,,
2026-06-03 17:33:00,-2,41.0,,68.0,,,,,
2026-06-03 17:34:00,-2,41.0,,66.0,,,,,
2026-06-03 17:35:00,-2,41.0,,68.0,,,,,
2026-06-03 17:36:00,-2,41.0,,67.0,,,,,
2026-06-03 17:37:00,-2,41.0,,70.0,,,,,
2026-06-03 17:38:00,74,41.0,14.33,74.0,,,,,
2026-06-03 17:39:00,57,41.0,16.6,76.0,,,,,
2026-06-03 17:40:00,32,41.0,13.16,73.0,,,,,
2026-06-03 17:41:00,36,41.0,11.58,61.0,,,,,
2026-06-03 17:42:00,54,41.0,13.0,62.0,,,,,
2026-06-03 17:43:00,51,41.0,12.41,65.0,,,,,
2026-06-03 17:44:00,47,41.0,11.91,63.0,,,,,
2026-06-03 17:45:00,40,41.0,11.91,66.0,,,,,
2026-06-03 17:46:00,45,40.0,13.0,,,,,,
2026-06-03 17:47:00,45,40.0,13.0,71.0,,,,,
2026-06-03 17:48:00,42,40.0,13.41,73.0,,,,,
2026-06-03 17:49:00,52,40.0,16.09,80.0,,,,,
2026-06-03 17:50:00,,40.0,,,walking,3.0,4237.0,4870.0,313.0
2026-06-03 17:51:00,,40.0,17.25,85.0,,,,,
2026-06-03 17:52:00,37,40.0,15.0,84.0,,,,,
2026-06-03 17:53:00,41,40.0,14.25,89.0,,,,,
2026-06-03 17:54:00,49,40.0,15.83,86.0,,,,,
2026-06-03 17:55:00,-2,40.0,,93.0,,,,,
2026-06-03 17:56:00,,40.0,13.75,90.0,,,,,
2026-06-03 17:57:00,-2,40.0,,,walking,2.0,4432.0,5050.0,322.0
2026-06-03 17:58:00,-2,40.0,,85.0,,,,,
2026-06-03 17:59:00,-2,40.0,,83.0,,,,,
2026-06-03 18:00:00,,39.0,12.0,80.0,,,,,
2026-06-03 18:01:00,32,39.0,13.83,86.0,,,,,
2026-06-03 18:02:00,,39.0,18.83,93.0,,,,,
2026-06-03 18:03:00,-2,39.0,,114.0,,,,,
2026-06-03 18:04:00,-2,39.0,,,generic,5.0,0.0,915.0,62.0
2026-06-03 18:05:00,-2,39.0,,88.0,,,,,
2026-06-03 18:06:00,-2,39.0,,74.0,,,,,
2026-06-03 18:07:00,,39.0,9.0,68.0,,,,,
2026-06-03 18:08:00,,39.0,10.0,,,,,,
2026-06-03 18:09:00,24,39.0,10.16,76.0,,,,,
2026-06-03 18:10:00,27,39.0,10.58,73.0,,,,,
2026-06-03 18:11:00,27,39.0,14.66,72.0,,,,,
2026-06-03 18:12:00,38,39.0,14.25,70.0,,,,,
2026-06-03 18:13:00,20,39.0,13.58,,,,,,
2026-06-03 18:14:00,19,39.0,16.33,,,,,,
2026-06-03 18:15:00,18,39.0,15.66,,,,,,
2026-06-03 18:16:00,19,39.0,16.75,,,,,,
2026-06-03 18:17:00,18,39.0,16.25,,,,,,
2026-06-03 18:18:00,18,39.0,15.25,,,,,,
2026-06-03 18:19:00,21,39.0,17.33,,,,,,
2026-06-03 18:20:00,24,39.0,17.83,,,,,,
2026-06-03 18:21:00,22,39.0,14.58,,,,,,
2026-06-03 18:22:00,19,39.0,13.5,,,,,,
2026-06-03 18:23:00,-2,39.0,,,,,,,
2026-06-03 18:24:00,21,39.0,17.0,,,,,,
2026-06-03 18:25:00,-2,39.0,,,,,,,
2026-06-03 18:26:00,-2,39.0,,,,,,,
2026-06-03 18:27:00,-2,38.0,,,,,,,
2026-06-03 18:28:00,,38.0,17.77,,,,,,
2026-06-03 18:29:00,,38.0,,,,,,,
2026-06-03 18:30:00,-2,38.0,,,,,,,
2026-06-03 18:31:00,-2,38.0,,,,,,,
2026-06-03 18:32:00,-2,38.0,,,,,,,
2026-06-03 18:33:00,-2,38.0,,,,,,,
2026-06-03 18:34:00,,38.0,10.33,,,,,,
2026-06-03 18:35:00,,,,,,,,,
2026-06-03 18:36:00,-2,38.0,,,,,,,
2026-06-03 18:37:00,-2,38.0,,,,,,,
2026-06-03 18:38:00,-2,38.0,,,,,,,
2026-06-03 18:39:00,-2,38.0,,,,,,,
2026-06-03 18:40:00,84,38.0,,,,,,,
2026-06-03 18:41:00,67,38.0,12.75,,,,,,
2026-06-03 18:42:00,59,38.0,13.0,,,,,,
2026-06-03 18:43:00,37,38.0,13.83,,,,,,
2026-06-03 18:44:00,,38.0,14.0,,,,,,
2026-06-03 18:45:00,21,38.0,14.0,,,,,,
2026-06-03 18:46:00,30,38.0,14.0,,,,,,
2026-06-03 18:47:00,33,38.0,14.0,,,,,,
2026-06-03 18:48:00,,38.0,14.0,,,,,,
2026-06-03 18:49:00,34,38.0,12.4,,,,,,
2026-06-03 18:50:00,30,38.0,12.41,,,,,,
2026-06-03 18:51:00,33,38.0,12.25,,,,,,
2026-06-03 18:52:00,42,38.0,9.66,,,,,,
2026-06-03 18:53:00,35,38.0,15.41,,,,,,
2026-06-03 18:54:00,24,38.0,17.0,,,,,,
2026-06-03 18:55:00,33,38.0,16.58,,,,,,
2026-06-03 18:56:00,30,38.0,,,,,,,
2026-06-03 18:57:00,,,,,,,,,
2026-06-03 18:58:00,-2,37.0,,,,,,,
2026-06-03 18:59:00,,37.0,17.3,,,,,,
2026-06-03 19:00:00,18,37.0,18.25,,,,,,
2026-06-03 19:01:00,29,37.0,19.0,,,,,,
2026-06-03 19:02:00,21,37.0,12.18,,,,,,
2026-06-03 19:03:00,24,37.0,11.5,,,,,,
2026-06-03 19:04:00,21,37.0,14.91,,,,,,
2026-06-03 19:05:00,24,37.0,14.75,,,,,,
2026-06-03 19:06:00,23,37.0,20.41,,,,,,
2026-06-03 19:07:00,25,37.0,16.75,,,,,,
2026-06-03 19:08:00,30,37.0,15.41,,,,,,
2026-06-03 19:09:00,34,37.0,12.9,,,,,,
2026-06-03 19:10:00,28,37.0,14.18,,,,,,
2026-06-03 19:11:00,24,37.0,12.75,,,,,,
2026-06-03 19:12:00,20,37.0,12.91,,,,,,
2026-06-03 19:13:00,25,37.0,15.41,,,,,,
2026-06-03 19:14:00,24,37.0,16.41,,,,,,
2026-06-03 19:15:00,31,37.0,17.91,,,,,,
2026-06-03 19:16:00,,,16.83,,,,,,
2026-06-03 19:17:00,27,37.0,19.08,,,,,,
2026-06-03 19:18:00,28,37.0,18.25,,,,,,
2026-06-03 19:19:00,27,37.0,15.25,,,,,,
2026-06-03 19:20:00,25,37.0,19.0,,,,,,
2026-06-03 19:21:00,23,37.0,17.16,,,,,,
2026-06-03 19:22:00,24,36.0,19.08,,,,,,
2026-06-03 19:23:00,25,36.0,19.5,,,,,,
2026-06-03 19:24:00,33,36.0,,,,,,,
2026-06-03 19:25:00,,36.0,,,,,,,
2026-06-03 19:26:00,-2,36.0,,,,,,,
2026-06-03 19:27:00,,36.0,,,,,,,
2026-06-03 19:28:00,,36.0,16.66,,,,,,
2026-06-03 19:29:00,32,36.0,18.66,,,,,,
2026-06-03 19:30:00,20,36.0,18.75,,,,,,
2026-06-03 19:31:00,22,36.0,18.83,,,,,,
2026-06-03 19:32:00,24,36.0,18.75,,,,,,
2026-06-03 19:33:00,18,36.0,18.25,,,,,,
2026-06-03 19:34:00,24,36.0,15.41,,,,,,
2026-06-03 19:35:00,30,36.0,12.75,,,,,,
2026-06-03 19:36:00,,,15.09,,,,,,
2026-06-03 19:37:00,53,36.0,17.0,,,,,,
2026-06-03 19:38:00,30,36.0,13.5,,,,,,
2026-06-03 19:39:00,,36.0,,,,,,,
2026-06-03 19:40:00,-2,36.0,,,,,,,
2026-06-03 19:41:00,,36.0,,,,,,,
2026-06-03 19:42:00,-2,36.0,,,,,,,
2026-06-03 19:43:00,-2,36.0,,,,,,,
2026-06-03 19:44:00,-2,36.0,,,,,,,
2026-06-03 19:45:00,-2,36.0,,,,,,,
2026-06-03 19:46:00,,36.0,12.11,,,,,,
2026-06-03 19:47:00,,36.0,,,,,,,
2026-06-03 19:48:00,,36.0,14.08,,,,,,
2026-06-03 19:49:00,45,35.0,15.09,,,,,,
2026-06-03 19:50:00,32,35.0,15.09,,,,,,
2026-06-03 19:51:00,-2,35.0,,,,,,,
2026-06-03 19:52:00,,35.0,13.63,,,,,,
2026-06-03 19:53:00,-2,35.0,,,,,,,
2026-06-03 19:54:00,,35.0,12.8,,,,,,
2026-06-03 19:55:00,23,35.0,13.33,,,,,,
2026-06-03 19:56:00,23,35.0,15.25,,,,,,
2026-06-03 19:57:00,,,14.41,,,,,,
2026-06-03 19:58:00,20,35.0,12.5,,,,,,
2026-06-03 19:59:00,15,35.0,10.66,,,,,,
2026-06-03 20:00:00,22,35.0,10.36,,,,,,
2026-06-03 20:01:00,34,35.0,9.8,,,,,,
2026-06-03 20:02:00,41,35.0,9.7,,,,,,
2026-06-03 20:03:00,30,35.0,11.33,,,,,,
2026-06-03 20:04:00,27,35.0,14.5,,,,,,
2026-06-03 20:05:00,,35.0,17.33,,,,,,
2026-06-03 20:06:00,,35.0,10.33,,,,,,
2026-06-03 20:07:00,,35.0,14.66,,,,,,
2026-06-03 20:08:00,30,35.0,14.83,,,,,,
2026-06-03 20:09:00,29,35.0,20.25,,,,,,
2026-06-03 20:10:00,-2,35.0,,,,,,,
2026-06-03 20:11:00,,34.0,,,,,,,
2026-06-03 20:12:00,-2,34.0,,,,,,,
2026-06-03 20:13:00,-2,34.0,,,,,,,
2026-06-03 20:14:00,-2,34.0,,,,,,,
2026-06-03 20:15:00,,34.0,,,,,,,
2026-06-03 20:16:00,-2,34.0,,,,,,,
2026-06-03 20:17:00,-2,34.0,,,,,,,
2026-06-03 20:18:00,,,,,,,,,
2026-06-03 20:19:00,-2,34.0,,,,,,,
2026-06-03 20:20:00,-2,34.0,,,,,,,
2026-06-03 20:21:00,-2,34.0,,,,,,,
2026-06-03 20:22:00,-2,34.0,,,,,,,
2026-06-03 20:23:00,-2,34.0,,,,,,,
2026-06-03 20:24:00,-2,34.0,,,,,,,
2026-06-03 20:25:00,-2,34.0,,,,,,,
2026-06-03 20:26:00,-2,34.0,,,,,,,
2026-06-03 20:27:00,,,11.55,,,,,,
2026-06-03 20:28:00,,34.0,14.83,,,,,,
2026-06-03 20:29:00,,,16.0,,,,,,
2026-06-03 20:30:00,58,34.0,,,,,,,
2026-06-03 20:31:00,-2,34.0,,,,,,,
2026-06-03 20:32:00,-2,34.0,,,,,,,
2026-06-03 20:33:00,-2,34.0,,,,,,,
2026-06-03 20:34:00,-2,34.0,,,,,,,
2026-06-03 20:35:00,-2,34.0,,,,,,,
2026-06-03 20:36:00,-2,34.0,,,,,,,
2026-06-03 20:37:00,-2,33.0,,,,,,,
2026-06-03 20:38:00,,33.0,11.81,,,,,,
2026-06-03 20:39:00,,33.0,13.6,,,,,,
2026-06-03 20:40:00,27,33.0,,,,,,,
2026-06-03 20:41:00,,33.0,15.0,,,,,,
2026-06-03 20:42:00,,,,,,,,,
2026-06-03 20:43:00,-2,33.0,,,,,,,
2026-06-03 20:44:00,,33.0,15.25,,,,,,
2026-06-03 20:45:00,,33.0,15.9,,,,,,
2026-06-03 20:46:00,69,33.0,19.1,,,,,,
2026-06-03 20:47:00,62,33.0,17.09,,,,,,
2026-06-03 20:48:00,59,33.0,13.11,,,,,,
2026-06-03 20:49:00,67,33.0,,,,,,,
2026-06-03 20:50:00,55,32.0,13.0,,,,,,
2026-06-03 20:51:00,-2,32.0,,,,,,,
2026-06-03 20:52:00,81,32.0,16.1,,,,,,
2026-06-03 20:53:00,75,32.0,,,,,,,
2026-06-03 20:54:00,,,,,,,,,
2026-06-03 20:55:00,-2,32.0,,,,,,,
2026-06-03 20:56:00,-2,32.0,,,,,,,
2026-06-03 20:57:00,,,,,,,,,
2026-06-03 20:58:00,-2,32.0,,,,,,,
2026-06-03 20:59:00,,32.0,,,,,,,
2026-06-03 21:00:00,-2,32.0,,,,,,,
2026-06-03 21:01:00,,,13.33,,,,,,
2026-06-03 21:02:00,52,32.0,14.9,,,,,,
2026-06-03 21:03:00,41,32.0,12.4,,,,,,
2026-06-03 21:04:00,45,31.0,13.0,,,,,,
2026-06-03 21:05:00,60,31.0,,,,,,,
2026-06-03 21:06:00,60,31.0,14.0,,,,,,
2026-06-03 21:07:00,,,12.4,,,,,,
2026-06-03 21:08:00,43,30.0,14.0,,,,,,
2026-06-03 21:09:00,,30.0,,,,,,,
2026-06-03 21:10:00,72,30.0,12.77,,,,,,
2026-06-03 21:11:00,-2,30.0,,,,,,,
2026-06-03 21:12:00,-2,30.0,,,,,,,
2026-06-03 21:13:00,-2,30.0,,,,,,,
2026-06-03 21:14:00,-2,30.0,,,,,,,
2026-06-03 21:15:00,-2,30.0,,,,,,,
2026-06-03 21:16:00,-2,30.0,,,,,,,
2026-06-03 21:17:00,-2,30.0,,,,,,,
2026-06-03 21:18:00,-2,30.0,,,,,,,
2026-06-03 21:19:00,-2,30.0,,,,,,,
2026-06-03 21:20:00,,30.0,,,,,,,
2026-06-03 21:21:00,,30.0,,,,,,,
2026-06-03 21:22:00,77,30.0,,,,,,,
2026-06-03 21:23:00,-2,30.0,,,,,,,
2026-06-03 21:24:00,,30.0,,,,,,,
2026-06-03 21:25:00,,,,,,,,,
2026-06-03 21:26:00,,29.0,14.0,,,,,,
2026-06-03 21:27:00,,29.0,13.77,,,,,,
2026-06-03 21:28:00,-2,29.0,,,,,,,
2026-06-03 21:29:00,-2,29.0,,,,,,,
2026-06-03 21:30:00,-2,29.0,,,,,,,
2026-06-03 21:31:00,,29.0,10.9,,,,,,
2026-06-03 21:32:00,64,29.0,13.27,,,,,,
2026-06-03 21:33:00,66,29.0,15.3,,,,,,
2026-06-03 21:34:00,72,29.0,15.0,,,,,,
2026-06-03 21:35:00,-2,29.0,,,,,,,
2026-06-03 21:36:00,,29.0,11.81,,,,,,
2026-06-03 21:37:00,77,29.0,10.3,,,,,,
2026-06-03 21:38:00,80,28.0,,,,,,,
2026-06-03 21:39:00,70,28.0,11.08,,,,,,
2026-06-03 21:40:00,65,28.0,12.45,,,,,,
2026-06-03 21:41:00,87,28.0,15.7,,,,,,
2026-06-03 21:42:00,-2,28.0,,,,,,,
2026-06-03 21:43:00,-2,28.0,,,,,,,
2026-06-03 21:44:00,-2,27.0,,,,,,,
2026-06-03 21:45:00,,,,,,,,,
2026-06-03 21:46:00,-2,27.0,,,,,,,
2026-06-03 21:47:00,,27.0,,,,,,,
2026-06-03 21:48:00,,27.0,11.9,,,,,,
2026-06-03 21:49:00,-2,27.0,,,,,,,
2026-06-03 21:50:00,-2,27.0,,,,,,,
2026-06-03 21:51:00,-2,27.0,,,,,,,
2026-06-03 21:52:00,,27.0,,,,,,,
2026-06-03 21:53:00,45,27.0,,,,,,,
2026-06-03 21:54:00,30,27.0,,,,,,,
2026-06-03 21:55:00,,27.0,10.9,,,,,,
2026-06-03 21:56:00,-2,27.0,,,,,,,
2026-06-03 21:57:00,-2,27.0,,,,,,,
2026-06-03 21:58:00,-2,26.0,,,,,,,
2026-06-03 21:59:00,-2,26.0,,,,,,,
2026-06-03 22:00:00,,,,,,,,,
2026-06-03 22:01:00,-2,26.0,,,,,,,
2026-06-03 22:02:00,-2,26.0,,,,,,,
2026-06-03 22:03:00,-2,26.0,,,,,,,
2026-06-03 22:04:00,,,11.66,,,,,,
2026-06-03 22:05:00,73,26.0,12.0,,,,,,
2026-06-03 22:06:00,,,12.3,,,,,,
2026-06-03 22:07:00,77,26.0,16.41,,,,,,
2026-06-03 22:08:00,78,26.0,12.54,,,,,,
2026-06-03 22:09:00,81,26.0,11.16,,,,,,
2026-06-03 22:10:00,81,26.0,14.1,,,,,,
2026-06-03 22:11:00,78,26.0,15.66,,,,,,
2026-06-03 22:12:00,64,25.0,15.75,,,,,,
2026-06-03 22:13:00,76,25.0,13.11,,,,,,
2026-06-03 22:14:00,69,25.0,14.27,,,,,,
2026-06-03 22:15:00,78,25.0,14.22,,,,,,
2026-06-03 22:16:00,78,25.0,12.72,,,,,,
2026-06-03 22:17:00,74,25.0,14.81,,,,,,
2026-06-03 22:18:00,75,25.0,17.41,,,,,,
2026-06-03 22:19:00,78,25.0,15.6,,,,,,
2026-06-03 22:20:00,,25.0,,,,,,,
2026-06-03 22:21:00,-2,25.0,,,,,,,
2026-06-03 22:22:00,-2,25.0,,,,,,,
2026-06-03 22:23:00,-2,25.0,,,,,,,
2026-06-03 22:24:00,,,,,,,,,
2026-06-03 22:25:00,-2,25.0,,,,,,,
2026-06-03 22:26:00,-2,25.0,,,,,,,
2026-06-03 22:27:00,78,24.0,14.9,,,,,,
2026-06-03 22:28:00,-2,24.0,,,,,,,
2026-06-03 22:29:00,-2,24.0,,,,,,,
2026-06-03 22:30:00,-2,24.0,,,,,,,
2026-06-03 22:31:00,,24.0,14.41,,,,,,
2026-06-03 22:32:00,,24.0,15.83,,,,,,
2026-06-03 22:33:00,74,24.0,14.5,,,,,,
2026-06-03 22:34:00,69,24.0,11.66,,,,,,
2026-06-03 22:35:00,-2,24.0,,,,,,,
2026-06-03 22:36:00,,24.0,9.66,,,,,,
2026-06-03 22:37:00,,24.0,10.27,,,,,,
2026-06-03 22:38:00,,24.0,8.08,,,,,,
2026-06-03 22:39:00,79,24.0,8.1,,,,,,
2026-06-03 22:40:00,,24.0,10.6,,,,,,
2026-06-03 22:41:00,,23.0,,,,,,,
2026-06-03 22:42:00,-2,23.0,,,,,,,
2026-06-03 22:43:00,91,23.0,9.09,,,,,,
2026-06-03 22:44:00,64,23.0,9.91,,,,,,
2026-06-03 22:45:00,,,12.33,,,,,,
2026-06-03 22:46:00,40,23.0,16.25,,,,,,
2026-06-03 22:47:00,49,23.0,16.08,,,,,,
2026-06-03 22:48:00,,23.0,16.5,,,,,,
2026-06-03 22:49:00,75,23.0,10.81,,,,,,
2026-06-03 22:50:00,-2,23.0,,,,,,,
2026-06-03 22:51:00,,,14.0,,,,,,
2026-06-03 22:52:00,,23.0,12.77,,,,,,
2026-06-03 22:53:00,,23.0,12.0,,,,,,
2026-06-03 22:54:00,75,23.0,,,,,,,
2026-06-03 22:55:00,72,23.0,11.8,,,,,,
2026-06-03 22:56:00,63,23.0,,,,,,,
2026-06-03 22:57:00,57,23.0,11.5,,,,,,
2026-06-03 22:58:00,-2,23.0,,,,,,,
2026-06-03 22:59:00,,23.0,9.0,,,,,,
2026-06-03 23:00:00,32,23.0,13.0,,,,,,
2026-06-03 23:01:00,-2,23.0,,,,,,,
2026-06-03 23:02:00,,23.0,15.0,,,,,,
2026-06-03 23:03:00,,23.0,14.7,,,,,,
2026-06-03 23:04:00,,23.0,12.88,,,,,,
2026-06-03 23:05:00,,23.0,,,,,,,
2026-06-03 23:06:00,,23.0,14.33,,,,,,
2026-06-03 23:07:00,81,22.0,10.08,,,,,,
2026-06-03 23:08:00,-2,22.0,,,,,,,
2026-06-03 23:09:00,,22.0,10.0,,,,,,
2026-06-03 23:10:00,,22.0,,,,,,,
2026-06-03 23:11:00,-2,22.0,,,,,,,
2026-06-03 23:12:00,-2,22.0,,,,,,,
2026-06-03 23:13:00,-2,22.0,,,,,,,
2026-06-03 23:14:00,-2,22.0,,,,,,,
2026-06-03 23:15:00,,22.0,,,,,,,
2026-06-03 23:16:00,-2,22.0,,,,,,,
2026-06-03 23:17:00,-2,22.0,,,,,,,
2026-06-03 23:18:00,-2,22.0,,,,,,,
2026-06-03 23:19:00,-2,22.0,,,,,,,
2026-06-03 23:20:00,-2,22.0,,,,,,,
2026-06-03 23:21:00,-2,22.0,,,,,,,
2026-06-03 23:22:00,-2,22.0,,,,,,,
2026-06-03 23:23:00,-2,22.0,,,,,,,
2026-06-03 23:24:00,-2,22.0,,,,,,,
2026-06-03 23:25:00,-2,22.0,,,,,,,
2026-06-03 23:26:00,-2,22.0,,,,,,,
2026-06-03 23:27:00,-2,22.0,,,,,,,
2026-06-03 23:28:00,,,,,,,,,
2026-06-03 23:29:00,25,21.0,16.16,,,,,,
2026-06-03 23:30:00,25,21.0,16.3,,,,,,
2026-06-03 23:31:00,30,21.0,13.63,,,,,,
2026-06-03 23:32:00,30,21.0,,,,,,,
2026-06-03 23:33:00,30,21.0,13.5,,,,,,
2026-06-03 23:34:00,23,21.0,11.83,,,,,,
2026-06-03 23:35:00,24,21.0,13.5,,,,,,
2026-06-03 23:36:00,23,21.0,14.0,,,,,,
2026-06-03 23:37:00,17,21.0,13.33,,,,,,
2026-06-03 23:38:00,17,21.0,14.75,,,,,,
2026-06-03 23:39:00,17,21.0,12.91,,,,,,
2026-06-03 23:40:00,21,21.0,14.58,,,,,,
2026-06-03 23:41:00,20,21.0,15.75,,,,,,
2026-06-03 23:42:00,18,21.0,13.5,,,,,,
2026-06-03 23:43:00,19,21.0,12.83,,,,,,
2026-06-03 23:44:00,20,21.0,13.91,,,,,,
2026-06-03 23:45:00,21,21.0,15.08,,,,,,
2026-06-03 23:46:00,21,21.0,15.66,,,,,,
2026-06-03 23:47:00,,,13.5,,,,,,
2026-06-03 23:48:00,20,21.0,14.0,,,,,,
2026-06-03 23:49:00,18,21.0,15.75,,,,,,
2026-06-03 23:50:00,18,21.0,13.66,,,,,,
2026-06-03 23:51:00,17,21.0,13.58,,,,,,
2026-06-03 23:52:00,13,21.0,14.41,,,,,,
2026-06-03 23:53:00,15,21.0,14.58,,,,,,
2026-06-03 23:54:00,13,21.0,14.5,,,,,,
2026-06-03 23:55:00,17,21.0,14.91,,,,,,
2026-06-03 23:56:00,15,21.0,15.25,,,,,,
2026-06-03 23:57:00,13,23.0,15.0,,,,,,
2026-06-03 23:58:00,17,23.0,14.33,,,,,,
2026-06-03 23:59:00,24,23.0,15.16,,,,,,
